study,year,pub_year,country,iso3,group,gender,or,authors,title,journal,doi,study_stage,lat,lon,update_date,area
Acolin et al. (2016),2014,2016,France,FRA,Black/African,Female,0.346,"Arthur Acolin, Raphael Bostic, Gary Painter",A field study of rental market discrimination across origins in France,Journal of Urban Economics,10.1016/j.jue.2016.07.005,Completed,,,,
Acolin et al. (2016),2014,2016,France,FRA,Black/African,Female,0.273,"Arthur Acolin, Raphael Bostic, Gary Painter",A field study of rental market discrimination across origins in France,Journal of Urban Economics,10.1016/j.jue.2016.07.005,Completed,,,,
Acolin et al. (2016),2014,2016,France,FRA,Turkish/Muslim,Female,0.33,"Arthur Acolin, Raphael Bostic, Gary Painter",A field study of rental market discrimination across origins in France,Journal of Urban Economics,10.1016/j.jue.2016.07.005,Completed,,,,
Acolin et al. (2016),2014,2016,France,FRA,Eastern European,Female,0.893,"Arthur Acolin, Raphael Bostic, Gary Painter",A field study of rental market discrimination across origins in France,Journal of Urban Economics,10.1016/j.jue.2016.07.005,Completed,,,,
Acolin et al. (2016),2014,2016,France,FRA,Portugal/Spain,Female,0.666,"Arthur Acolin, Raphael Bostic, Gary Painter",A field study of rental market discrimination across origins in France,Journal of Urban Economics,10.1016/j.jue.2016.07.005,Completed,,,,
Acolin et al. (2016),2014,2016,France,FRA,Black/African,Male,0.314,"Arthur Acolin, Raphael Bostic, Gary Painter",A field study of rental market discrimination across origins in France,Journal of Urban Economics,10.1016/j.jue.2016.07.005,Completed,,,,
Acolin et al. (2016),2014,2016,France,FRA,Black/African,Male,0.327,"Arthur Acolin, Raphael Bostic, Gary Painter",A field study of rental market discrimination across origins in France,Journal of Urban Economics,10.1016/j.jue.2016.07.005,Completed,,,,
Acolin et al. (2016),2014,2016,France,FRA,Turkish/Muslim,Male,0.447,"Arthur Acolin, Raphael Bostic, Gary Painter",A field study of rental market discrimination across origins in France,Journal of Urban Economics,10.1016/j.jue.2016.07.005,Completed,,,,
Acolin et al. (2016),2014,2016,France,FRA,Eastern European,Male,0.521,"Arthur Acolin, Raphael Bostic, Gary Painter",A field study of rental market discrimination across origins in France,Journal of Urban Economics,10.1016/j.jue.2016.07.005,Completed,,,,
Acolin et al. (2016),2014,2016,France,FRA,Portugal/Spain,Male,0.66,"Arthur Acolin, Raphael Bostic, Gary Painter",A field study of rental market discrimination across origins in France,Journal of Urban Economics,10.1016/j.jue.2016.07.005,Completed,,,,
Acolin et al. (2016),2014,2016,France,FRA,Black/African,Both,0.406,"Arthur Acolin, Raphael Bostic, Gary Painter",A field study of rental market discrimination across origins in France,Journal of Urban Economics,10.1016/j.jue.2016.07.005,Completed,,,,
Acolin et al. (2016),2014,2016,France,FRA,Black/African,Both,0.367,"Arthur Acolin, Raphael Bostic, Gary Painter",A field study of rental market discrimination across origins in France,Journal of Urban Economics,10.1016/j.jue.2016.07.005,Completed,,,,
Acolin et al. (2016),2014,2016,France,FRA,Turkish/Muslim,Both,0.476,"Arthur Acolin, Raphael Bostic, Gary Painter",A field study of rental market discrimination across origins in France,Journal of Urban Economics,10.1016/j.jue.2016.07.005,Completed,,,,
Acolin et al. (2016),2014,2016,France,FRA,Eastern European,Both,0.829,"Arthur Acolin, Raphael Bostic, Gary Painter",A field study of rental market discrimination across origins in France,Journal of Urban Economics,10.1016/j.jue.2016.07.005,Completed,,,,
Acolin et al. (2016),2014,2016,France,FRA,Portugal/Spain,Both,0.816,"Arthur Acolin, Raphael Bostic, Gary Painter",A field study of rental market discrimination across origins in France,Journal of Urban Economics,10.1016/j.jue.2016.07.005,Completed,,,,
Ahmed and Hammarstedt (2008),2007,2008,Sweden,SWE,Arabic/Muslim,Both,0.247,"Ali M. Ahmed, Mats Hammarstedt",Discrimination in the rental housing market: A field experiment on the Internet,Journal of Urban Economics,10.1016/j.jue.2008.02.004,Completed,,,,
Carlsson and Eriksson (2014),2011,2014,Sweden,SWE,Arabic/Muslim,Female,0.617,"Magnus Carlsson, Stefan Eriksson",Discrimination in the rental market for apartments,Journal of Housing Economics,10.1016/j.jhe.2013.11.004,Completed,,,,
Carlsson and Eriksson (2014),2011,2014,Sweden,SWE,Arabic/Muslim,Male,0.459,"Magnus Carlsson, Stefan Eriksson",Discrimination in the rental market for apartments,Journal of Housing Economics,10.1016/j.jhe.2013.11.004,Completed,,,,
Carlsson and Eriksson (2014),2011,2014,Sweden,SWE,Arabic/Muslim,Both,0.56,"Magnus Carlsson, Stefan Eriksson",Discrimination in the rental market for apartments,Journal of Housing Economics,10.1016/j.jhe.2013.11.004,Completed,,,,
Carlsson and Eriksson (2015),2012,2015,UK,GBR,Eastern European,Male,0.851,"Magnus Carlsson, Stefan Eriksson",Ethnic Discrimination in the London Market for Shared Housing,Journal of Ethnic and Migration Studies,10.1080/1369183X.2014.965670,Completed,,,,
Carlsson and Eriksson (2015),2012,2015,UK,GBR,Asian,Male,0.643,"Magnus Carlsson, Stefan Eriksson",Ethnic Discrimination in the London Market for Shared Housing,Journal of Ethnic and Migration Studies,10.1080/1369183X.2014.965670,Completed,,,,
Carlsson and Eriksson (2015),2012,2015,UK,GBR,Black/African,Male,0.617,"Magnus Carlsson, Stefan Eriksson",Ethnic Discrimination in the London Market for Shared Housing,Journal of Ethnic and Migration Studies,10.1080/1369183X.2014.965670,Completed,,,,
Carlsson and Eriksson (2015),2012,2015,UK,GBR,Arabic/Muslim,Male,0.442,"Magnus Carlsson, Stefan Eriksson",Ethnic Discrimination in the London Market for Shared Housing,Journal of Ethnic and Migration Studies,10.1080/1369183X.2014.965670,Completed,,,,
Antfolk et al. (2019),2018,2019,UK,GBR,Arabic/Muslim,Female,0.648,"Jan Antfolk, Anna Szala, Annamaria Öblom",Discrimination based on gender and ethnicity in English and Polish housing markets,Journal of Community & Applied Social Psychology,10.1002/casp.2396,Completed,,,,
Antfolk et al. (2019),2018,2019,UK,GBR,Eastern European,Female,0.795,"Jan Antfolk, Anna Szala, Annamaria Öblom",Discrimination based on gender and ethnicity in English and Polish housing markets,Journal of Community & Applied Social Psychology,10.1002/casp.2396,Completed,,,,
Antfolk et al. (2019),2018,2019,UK,GBR,Arabic/Muslim,Male,0.648,"Jan Antfolk, Anna Szala, Annamaria Öblom",Discrimination based on gender and ethnicity in English and Polish housing markets,Journal of Community & Applied Social Psychology,10.1002/casp.2396,Completed,,,,
Antfolk et al. (2019),2018,2019,UK,GBR,Eastern European,Male,0.538,"Jan Antfolk, Anna Szala, Annamaria Öblom",Discrimination based on gender and ethnicity in English and Polish housing markets,Journal of Community & Applied Social Psychology,10.1002/casp.2396,Completed,,,,
Antfolk et al. (2019),2018,2019,UK,GBR,Arabic/Muslim,Both,0.937,"Jan Antfolk, Anna Szala, Annamaria Öblom",Discrimination based on gender and ethnicity in English and Polish housing markets,Journal of Community & Applied Social Psychology,10.1002/casp.2396,Completed,,,,
Antfolk et al. (2019),2018,2019,UK,GBR,Eastern European,Both,0.937,"Jan Antfolk, Anna Szala, Annamaria Öblom",Discrimination based on gender and ethnicity in English and Polish housing markets,Journal of Community & Applied Social Psychology,10.1002/casp.2396,Completed,,,,
Antfolk et al. (2019),2018,2019,Poland,POL,Arabic/Muslim,Female,0.701,"Jan Antfolk, Anna Szala, Annamaria Öblom",Discrimination based on gender and ethnicity in English and Polish housing markets,Journal of Community & Applied Social Psychology,10.1002/casp.2396,Completed,,,,
Antfolk et al. (2019),2018,2019,Poland,POL,English,Female,0.905,"Jan Antfolk, Anna Szala, Annamaria Öblom",Discrimination based on gender and ethnicity in English and Polish housing markets,Journal of Community & Applied Social Psychology,10.1002/casp.2396,Completed,,,,
Antfolk et al. (2019),2018,2019,Poland,POL,Arabic/Muslim,Male,0.204,"Jan Antfolk, Anna Szala, Annamaria Öblom",Discrimination based on gender and ethnicity in English and Polish housing markets,Journal of Community & Applied Social Psychology,10.1002/casp.2396,Completed,,,,
Antfolk et al. (2019),2018,2019,Poland,POL,English,Male,0.738,"Jan Antfolk, Anna Szala, Annamaria Öblom",Discrimination based on gender and ethnicity in English and Polish housing markets,Journal of Community & Applied Social Psychology,10.1002/casp.2396,Completed,,,,
Antfolk et al. (2019),2018,2019,Poland,POL,Arabic/Muslim,Both,0.411,"Jan Antfolk, Anna Szala, Annamaria Öblom",Discrimination based on gender and ethnicity in English and Polish housing markets,Journal of Community & Applied Social Psychology,10.1002/casp.2396,Completed,,,,
Antfolk et al. (2019),2018,2019,Poland,POL,English,Both,0.818,"Jan Antfolk, Anna Szala, Annamaria Öblom",Discrimination based on gender and ethnicity in English and Polish housing markets,Journal of Community & Applied Social Psychology,10.1002/casp.2396,Completed,,,,
Ahmed et al. (2010),2008,2010,Sweden,SWE,Arabic/Muslim,Male,0.575,"Ali M. Ahmed, Lina Andersson, Mats Hammarstedt",Can Discrimination in the Housing Market Be Reduced by Increasing the Information about the Applicants?,Land Economics,10.3368/le.86.1.79,Completed,,,,
Carpusor and Loges (2006),2003,2006,USA,USA,Black/African,Male,0.188,"Adrian G. Carpusor, William E. Loges",Rental Discrimination and Ethnicity in Names,Journal of Applied Social Psychology,10.1111/j.0021-9029.2006.00050.x,Completed,,,,
Carpusor and Loges (2006),2003,2006,USA,USA,Arabic/Muslim,Male,0.285,"Adrian G. Carpusor, William E. Loges",Rental Discrimination and Ethnicity in Names,Journal of Applied Social Psychology,10.1111/j.0021-9029.2006.00050.x,Completed,,,,
Hanson and Hawley (2011),2009,2011,USA,USA,Black/African,Male,0.775,"Andrew Hanson, Zackary Hawley",Do landlords discriminate in the rental housing market? Evidence from an internet field experiment in US cities,Journal of Urban Economics,10.1016/j.jue.2011.02.003,Completed,,,,
Feldman and Weseley (2013),2010,2013,USA,USA,Black/African,Female,0.949,"Michelle E. Feldman, Allyson J. Weseley",Which name unlocks the door? The effect of tenant race/ethnicity on landlord response,Journal of Applied Social Psychology,10.1111/jasp.12034,Completed,,,,
Feldman and Weseley (2013),2010,2013,USA,USA,Asian,Female,0.91,"Michelle E. Feldman, Allyson J. Weseley",Which name unlocks the door? The effect of tenant race/ethnicity on landlord response,Journal of Applied Social Psychology,10.1111/jasp.12034,Completed,,,,
Feldman and Weseley (2013),2010,2013,USA,USA,Hispanic/Latino,Female,0.662,"Michelle E. Feldman, Allyson J. Weseley",Which name unlocks the door? The effect of tenant race/ethnicity on landlord response,Journal of Applied Social Psychology,10.1111/jasp.12034,Completed,,,,
Feldman and Weseley (2013),2010,2013,USA,USA,Black/African,Male,0.365,"Michelle E. Feldman, Allyson J. Weseley",Which name unlocks the door? The effect of tenant race/ethnicity on landlord response,Journal of Applied Social Psychology,10.1111/jasp.12034,Completed,,,,
Feldman and Weseley (2013),2010,2013,USA,USA,Asian,Male,0.762,"Michelle E. Feldman, Allyson J. Weseley",Which name unlocks the door? The effect of tenant race/ethnicity on landlord response,Journal of Applied Social Psychology,10.1111/jasp.12034,Completed,,,,
Feldman and Weseley (2013),2010,2013,USA,USA,Hispanic/Latino,Male,0.426,"Michelle E. Feldman, Allyson J. Weseley",Which name unlocks the door? The effect of tenant race/ethnicity on landlord response,Journal of Applied Social Psychology,10.1111/jasp.12034,Completed,,,,
Feldman and Weseley (2013),2010,2013,USA,USA,Black/African,Both,0.818,"Michelle E. Feldman, Allyson J. Weseley",Which name unlocks the door? The effect of tenant race/ethnicity on landlord response,Journal of Applied Social Psychology,10.1111/jasp.12034,Completed,,,,
Feldman and Weseley (2013),2010,2013,USA,USA,Asian,Both,1.147,"Michelle E. Feldman, Allyson J. Weseley",Which name unlocks the door? The effect of tenant race/ethnicity on landlord response,Journal of Applied Social Psychology,10.1111/jasp.12034,Completed,,,,
Feldman and Weseley (2013),2010,2013,USA,USA,Hispanic/Latino,Both,0.732,"Michelle E. Feldman, Allyson J. Weseley",Which name unlocks the door? The effect of tenant race/ethnicity on landlord response,Journal of Applied Social Psychology,10.1111/jasp.12034,Completed,,,,
Hanson and Santas (2014),2011,2014,USA,USA,Hispanic/Latino,Male,0.639,"Andrew Hanson, Michael Santas",Field Experiment Tests for Discrimination against Hispanics in the U.S. Rental Housing Market,Southern Economic Journal,10.4284/0038-4038-2012.231,Completed,,,,
Ewens et al. (2014),2009,2014,USA,USA,Black/African,Both,0.742,"Michael Ewens, Bryan Tomlin, Liang Choon Wang",Statistical Discrimination or Prejudice? A Large Sample Field Experiment,Review of Economics and Statistics,10.1162/REST_a_00365,Completed,,,,
Murchie and Pang (2018),2016,2018,USA,USA,Black/African,Female,0.684,"Judson Murchie, Jindong Pang",Rental housing discrimination across protected classes: Evidence from a randomized experiment,Regional Science and Urban Economics,10.1016/j.regsciurbeco.2018.10.003,Completed,,,,
Murchie and Pang (2018),2016,2018,USA,USA,Hispanic/Latino,Female,0.971,"Judson Murchie, Jindong Pang",Rental housing discrimination across protected classes: Evidence from a randomized experiment,Regional Science and Urban Economics,10.1016/j.regsciurbeco.2018.10.003,Completed,,,,
Murchie and Pang (2018),2016,2018,USA,USA,Arabic/Muslim,Female,0.947,"Judson Murchie, Jindong Pang",Rental housing discrimination across protected classes: Evidence from a randomized experiment,Regional Science and Urban Economics,10.1016/j.regsciurbeco.2018.10.003,Completed,,,,
Murchie and Pang (2018),2016,2018,USA,USA,Black/African,Male,0.732,"Judson Murchie, Jindong Pang",Rental housing discrimination across protected classes: Evidence from a randomized experiment,Regional Science and Urban Economics,10.1016/j.regsciurbeco.2018.10.003,Completed,,,,
Murchie and Pang (2018),2016,2018,USA,USA,Hispanic/Latino,Male,1.163,"Judson Murchie, Jindong Pang",Rental housing discrimination across protected classes: Evidence from a randomized experiment,Regional Science and Urban Economics,10.1016/j.regsciurbeco.2018.10.003,Completed,,,,
Murchie and Pang (2018),2016,2018,USA,USA,Arabic/Muslim,Male,0.535,"Judson Murchie, Jindong Pang",Rental housing discrimination across protected classes: Evidence from a randomized experiment,Regional Science and Urban Economics,10.1016/j.regsciurbeco.2018.10.003,Completed,,,,
Murchie and Pang (2018),2016,2018,USA,USA,Black/African,Both,0.751,"Judson Murchie, Jindong Pang",Rental housing discrimination across protected classes: Evidence from a randomized experiment,Regional Science and Urban Economics,10.1016/j.regsciurbeco.2018.10.003,Completed,,,,
Murchie and Pang (2018),2016,2018,USA,USA,Hispanic/Latino,Both,1.061,"Judson Murchie, Jindong Pang",Rental housing discrimination across protected classes: Evidence from a randomized experiment,Regional Science and Urban Economics,10.1016/j.regsciurbeco.2018.10.003,Completed,,,,
Murchie and Pang (2018),2016,2018,USA,USA,Arabic/Muslim,Both,0.804,"Judson Murchie, Jindong Pang",Rental housing discrimination across protected classes: Evidence from a randomized experiment,Regional Science and Urban Economics,10.1016/j.regsciurbeco.2018.10.003,Completed,,,,
Sawert (2020),2017,2020,Germany,DEU,Turkish/Muslim,Male,0.464,Tim Sawert,"Understanding the mechanisms of ethnic discrimination: a field experiment on discrimination against Turks, Syrians and Americans in the Berlin shared housing market",Journal of Ethnic and Migration Studies,10.1080/1369183X.2019.1577727,Completed,,,,
Sawert (2020),2017,2020,Germany,DEU,Syrian/Muslim,Male,0.254,Tim Sawert,"Understanding the mechanisms of ethnic discrimination: a field experiment on discrimination against Turks, Syrians and Americans in the Berlin shared housing market",Journal of Ethnic and Migration Studies,10.1080/1369183X.2019.1577727,Completed,,,,
Sawert (2020),2017,2020,Germany,DEU,American,Male,0.693,Tim Sawert,"Understanding the mechanisms of ethnic discrimination: a field experiment on discrimination against Turks, Syrians and Americans in the Berlin shared housing market",Journal of Ethnic and Migration Studies,10.1080/1369183X.2019.1577727,Completed,,,,
Auspurg et al. (2017),2008,2017,Germany,DEU,Turkish/Muslim,Male,0.675,"Katrin Auspurg, Thomas Hinz, Laura Schmid",Contexts and conditions of ethnic discrimination: Evidence from a field experiment in a German housing market,Journal of Housing Economics,10.1016/j.jhe.2017.01.003,Completed,,,,
Auspurg et al. (2020),2015,2020,Germany,DEU,Turkish/Muslim,Male,0.646,"Auspurg, K., Schneck, A. and Thiel, F.","Different samples, different results? How sampling techniques affect the results of field experiments on ethnic discrimination",Research in Social Stratification and Mobility,,Completed,,,,
Mazziotta et al. (2015),2014,2015,Germany,DEU,Turkish/Muslim,Male,0.401,"Agostino Mazziotta, Michael Zerr, Anette Rohmann",The Effects of Multiple Stigmas on Discrimination in the German Housing Market,Social Psychology,10.1027/1864-9335/a000242,Completed,,,,
Bosch et al. (2010),2009,2010,Spain,ESP,Moroccan,Both,0.578,"Mariano Bosch, M. Ángeles Carnero, Lídia Farré",Information and discrimination in the rental housing market: Evidence from a field experiment,Regional Science and Urban Economics,10.1016/j.regsciurbeco.2009.11.002,Completed,,,,
Öblom and Antfolk (2017),2016,2017,Finland,FIN,Swedish,Female,0.958,"Annamaria Öblom, Jan Antfolk",Ethnic and gender discrimination in the private rental housing market in Finland: A field experiment,PLoS ONE,10.1371/journal.pone.0183344,Completed,,,,
Öblom and Antfolk (2017),2016,2017,Finland,FIN,Arabic/Muslim,Female,0.636,"Annamaria Öblom, Jan Antfolk",Ethnic and gender discrimination in the private rental housing market in Finland: A field experiment,PLoS ONE,10.1371/journal.pone.0183344,Completed,,,,
Öblom and Antfolk (2017),2016,2017,Finland,FIN,Swedish,Male,0.911,"Annamaria Öblom, Jan Antfolk",Ethnic and gender discrimination in the private rental housing market in Finland: A field experiment,PLoS ONE,10.1371/journal.pone.0183344,Completed,,,,
Öblom and Antfolk (2017),2016,2017,Finland,FIN,Arabic/Muslim,Male,0.294,"Annamaria Öblom, Jan Antfolk",Ethnic and gender discrimination in the private rental housing market in Finland: A field experiment,PLoS ONE,10.1371/journal.pone.0183344,Completed,,,,
Öblom and Antfolk (2017),2016,2017,Finland,FIN,Swedish,Both,1.04,"Annamaria Öblom, Jan Antfolk",Ethnic and gender discrimination in the private rental housing market in Finland: A field experiment,PLoS ONE,10.1371/journal.pone.0183344,Completed,,,,
Öblom and Antfolk (2017),2016,2017,Finland,FIN,Arabic/Muslim,Both,0.504,"Annamaria Öblom, Jan Antfolk",Ethnic and gender discrimination in the private rental housing market in Finland: A field experiment,PLoS ONE,10.1371/journal.pone.0183344,Completed,,,,
Andersson et al. (2012),2010,2012,Norway,NOR,Arabic/Muslim,Female,0.579,"Lisa Andersson, Niklas Jakobsson, Andreas Kotsadam","A Field Experiment of Discrimination in the Norwegian Housing Market: Gender, Class, and Ethnicity",Land Economics,10.3368/le.88.2.233,Completed,,,,
Andersson et al. (2012),2010,2012,Norway,NOR,Arabic/Muslim,Male,0.45,"Lisa Andersson, Niklas Jakobsson, Andreas Kotsadam","A Field Experiment of Discrimination in the Norwegian Housing Market: Gender, Class, and Ethnicity",Land Economics,10.3368/le.88.2.233,Completed,,,,
Andersson et al. (2012),2010,2012,Norway,NOR,Arabic/Muslim,Both,0.596,"Lisa Andersson, Niklas Jakobsson, Andreas Kotsadam","A Field Experiment of Discrimination in the Norwegian Housing Market: Gender, Class, and Ethnicity",Land Economics,10.3368/le.88.2.233,Completed,,,,
Björnsson et al. (2018),2017,2018,Iceland,ISL,Eastern European,Female,0.967,"Davíð Freyr Björnsson, Fredrik Kopsch, Gylfi Zoega",Discrimination in the Housing Market as an Impediment to European Labour Force Integration: the Case of Iceland,Journal of International Migration and Integration,10.1007/s12134-018-0574-0,Completed,,,,
Björnsson et al. (2018),2017,2018,Iceland,ISL,Eastern European,Male,0.46,"Davíð Freyr Björnsson, Fredrik Kopsch, Gylfi Zoega",Discrimination in the Housing Market as an Impediment to European Labour Force Integration: the Case of Iceland,Journal of International Migration and Integration,10.1007/s12134-018-0574-0,Completed,,,,
Björnsson et al. (2018),2017,2018,Iceland,ISL,Eastern European,Both,0.748,"Davíð Freyr Björnsson, Fredrik Kopsch, Gylfi Zoega",Discrimination in the Housing Market as an Impediment to European Labour Force Integration: the Case of Iceland,Journal of International Migration and Integration,10.1007/s12134-018-0574-0,Completed,,,,
Hogan and Berry (2011),2007,2011,Canada,CAN,Black/African,Female,0.854,"Bernie Hogan, Brent Berry",Racial and Ethnic Biases in Rental Housing: An Audit Study of Online Apartment Listings,City & Community,10.1111/j.1540-6040.2011.01376.x,Completed,,,,
Hogan and Berry (2011),2007,2011,Canada,CAN,Arabic/Muslim,Female,0.812,"Bernie Hogan, Brent Berry",Racial and Ethnic Biases in Rental Housing: An Audit Study of Online Apartment Listings,City & Community,10.1111/j.1540-6040.2011.01376.x,Completed,,,,
Hogan and Berry (2011),2007,2011,Canada,CAN,Asian,Female,1.057,"Bernie Hogan, Brent Berry",Racial and Ethnic Biases in Rental Housing: An Audit Study of Online Apartment Listings,City & Community,10.1111/j.1540-6040.2011.01376.x,Completed,,,,
Hogan and Berry (2011),2007,2011,Canada,CAN,Jewish,Female,1.0,"Bernie Hogan, Brent Berry",Racial and Ethnic Biases in Rental Housing: An Audit Study of Online Apartment Listings,City & Community,10.1111/j.1540-6040.2011.01376.x,Completed,,,,
Hogan and Berry (2011),2007,2011,Canada,CAN,Black/African,Male,0.773,"Bernie Hogan, Brent Berry",Racial and Ethnic Biases in Rental Housing: An Audit Study of Online Apartment Listings,City & Community,10.1111/j.1540-6040.2011.01376.x,Completed,,,,
Hogan and Berry (2011),2007,2011,Canada,CAN,Arabic/Muslim,Male,0.586,"Bernie Hogan, Brent Berry",Racial and Ethnic Biases in Rental Housing: An Audit Study of Online Apartment Listings,City & Community,10.1111/j.1540-6040.2011.01376.x,Completed,,,,
Hogan and Berry (2011),2007,2011,Canada,CAN,Asian,Male,0.773,"Bernie Hogan, Brent Berry",Racial and Ethnic Biases in Rental Housing: An Audit Study of Online Apartment Listings,City & Community,10.1111/j.1540-6040.2011.01376.x,Completed,,,,
Hogan and Berry (2011),2007,2011,Canada,CAN,Jewish,Male,1.0,"Bernie Hogan, Brent Berry",Racial and Ethnic Biases in Rental Housing: An Audit Study of Online Apartment Listings,City & Community,10.1111/j.1540-6040.2011.01376.x,Completed,,,,
Hogan and Berry (2011),2007,2011,Canada,CAN,Black/African,Both,0.834,"Bernie Hogan, Brent Berry",Racial and Ethnic Biases in Rental Housing: An Audit Study of Online Apartment Listings,City & Community,10.1111/j.1540-6040.2011.01376.x,Completed,,,,
Hogan and Berry (2011),2007,2011,Canada,CAN,Arabic/Muslim,Both,0.706,"Bernie Hogan, Brent Berry",Racial and Ethnic Biases in Rental Housing: An Audit Study of Online Apartment Listings,City & Community,10.1111/j.1540-6040.2011.01376.x,Completed,,,,
Hogan and Berry (2011),2007,2011,Canada,CAN,Asian,Both,0.924,"Bernie Hogan, Brent Berry",Racial and Ethnic Biases in Rental Housing: An Audit Study of Online Apartment Listings,City & Community,10.1111/j.1540-6040.2011.01376.x,Completed,,,,
Hogan and Berry (2011),2007,2011,Canada,CAN,Jewish,Both,1.028,"Bernie Hogan, Brent Berry",Racial and Ethnic Biases in Rental Housing: An Audit Study of Online Apartment Listings,City & Community,10.1111/j.1540-6040.2011.01376.x,Completed,,,,
Gusciute et al. (2022),2018,2022,Ireland,IRL,Eastern European,Female,0.786,"Egle Gusciute, Peter Mühlau, Richard Layte",Discrimination in the rental housing market: a field experiment in Ireland,Journal of Ethnic and Migration Studies,10.1080/1369183X.2020.1813017,Completed,,,,
Gusciute et al. (2022),2018,2022,Ireland,IRL,Black/African,Female,0.471,"Egle Gusciute, Peter Mühlau, Richard Layte",Discrimination in the rental housing market: a field experiment in Ireland,Journal of Ethnic and Migration Studies,10.1080/1369183X.2020.1813017,Completed,,,,
Gusciute et al. (2022),2018,2022,Ireland,IRL,Eastern European,Male,0.587,"Egle Gusciute, Peter Mühlau, Richard Layte",Discrimination in the rental housing market: a field experiment in Ireland,Journal of Ethnic and Migration Studies,10.1080/1369183X.2020.1813017,Completed,,,,
Gusciute et al. (2022),2018,2022,Ireland,IRL,Black/African,Male,0.37,"Egle Gusciute, Peter Mühlau, Richard Layte",Discrimination in the rental housing market: a field experiment in Ireland,Journal of Ethnic and Migration Studies,10.1080/1369183X.2020.1813017,Completed,,,,
Gusciute et al. (2022),2018,2022,Ireland,IRL,Eastern European,Both,0.766,"Egle Gusciute, Peter Mühlau, Richard Layte",Discrimination in the rental housing market: a field experiment in Ireland,Journal of Ethnic and Migration Studies,10.1080/1369183X.2020.1813017,Completed,,,,
Gusciute et al. (2022),2018,2022,Ireland,IRL,Black/African,Both,0.47,"Egle Gusciute, Peter Mühlau, Richard Layte",Discrimination in the rental housing market: a field experiment in Ireland,Journal of Ethnic and Migration Studies,10.1080/1369183X.2020.1813017,Completed,,,,
Baldini and Federici (2011),2010,2011,Italy,ITA,Arabic/Muslim,Female,0.619,"Massimo Baldini, Marta Federici",Ethnic discrimination in the Italian rental housing market,Journal of Housing Economics,10.1016/j.jhe.2010.10.001,Completed,,,,
Baldini and Federici (2011),2010,2011,Italy,ITA,Eastern European,Female,0.665,"Massimo Baldini, Marta Federici",Ethnic discrimination in the Italian rental housing market,Journal of Housing Economics,10.1016/j.jhe.2010.10.001,Completed,,,,
Baldini and Federici (2011),2010,2011,Italy,ITA,Arabic/Muslim,Male,0.339,"Massimo Baldini, Marta Federici",Ethnic discrimination in the Italian rental housing market,Journal of Housing Economics,10.1016/j.jhe.2010.10.001,Completed,,,,
Baldini and Federici (2011),2010,2011,Italy,ITA,Eastern European,Male,0.484,"Massimo Baldini, Marta Federici",Ethnic discrimination in the Italian rental housing market,Journal of Housing Economics,10.1016/j.jhe.2010.10.001,Completed,,,,
Baldini and Federici (2011),2010,2011,Italy,ITA,Arabic/Muslim,Both,0.49,"Massimo Baldini, Marta Federici",Ethnic discrimination in the Italian rental housing market,Journal of Housing Economics,10.1016/j.jhe.2010.10.001,Completed,,,,
Baldini and Federici (2011),2010,2011,Italy,ITA,Eastern European,Both,0.604,"Massimo Baldini, Marta Federici",Ethnic discrimination in the Italian rental housing market,Journal of Housing Economics,10.1016/j.jhe.2010.10.001,Completed,,,,
"Molla, H., et al. (2022)",2017,2022,Sweden,SWE,Arabic/Muslim,Male,0.467,"Hemrin Molla, Caroline Rhawi, Elina Lampi",Name matters! The cost of having a foreign-sounding name in the Swedish private housing market,PLOS ONE,10.1371/journal.pone.0268840,Completed,,,,
"Molla, H., et al. (2022)",2017,2022,Sweden,SWE,Eastern European,Male,0.703,"Hemrin Molla, Caroline Rhawi, Elina Lampi",Name matters! The cost of having a foreign-sounding name in the Swedish private housing market,PLOS ONE,10.1371/journal.pone.0268840,Completed,,,,
"Molla, H., et al. (2022)",2017,2022,Sweden,SWE,Asian,Male,0.703,"Hemrin Molla, Caroline Rhawi, Elina Lampi",Name matters! The cost of having a foreign-sounding name in the Swedish private housing market,PLOS ONE,10.1371/journal.pone.0268840,Completed,,,,
"Moritz, R. and C. Manger (2022)",2019,2022,Germany,DEU,Turkish/Muslim,Female,0.579,"Raphael Moritz, Christian Manger",Somebody that I want to know: The non-monotonic effect of personality information on ethnic and gender discrimination in the market for shared housing,Journal of Housing Economics,10.1016/j.jhe.2022.101842,Completed,,,,
"Moritz, R. and C. Manger (2022)",2019,2022,Germany,DEU,Turkish/Muslim,Male,0.308,"Raphael Moritz, Christian Manger",Somebody that I want to know: The non-monotonic effect of personality information on ethnic and gender discrimination in the market for shared housing,Journal of Housing Economics,10.1016/j.jhe.2022.101842,Completed,,,,
"Moritz, R. and C. Manger (2022)",2019,2022,Germany,DEU,Turkish/Muslim,Both,0.545,"Raphael Moritz, Christian Manger",Somebody that I want to know: The non-monotonic effect of personality information on ethnic and gender discrimination in the market for shared housing,Journal of Housing Economics,10.1016/j.jhe.2022.101842,Completed,,,,
Bengtsson et al. (2012),2010,2012,Sweden,SWE,Arabic/Muslim,Female,0.637,"Ragnar Bengtsson, Ellis Iverman, Björn Tyrefors Hinnerich",Gender and ethnic discrimination in the rental housing market,Applied Economics Letters,10.1080/13504851.2011.564125,Completed,,,,
Bengtsson et al. (2012),2010,2012,Sweden,SWE,Arabic/Muslim,Male,0.508,"Ragnar Bengtsson, Ellis Iverman, Björn Tyrefors Hinnerich",Gender and ethnic discrimination in the rental housing market,Applied Economics Letters,10.1080/13504851.2011.564125,Completed,,,,
Bengtsson et al. (2012),2010,2012,Sweden,SWE,Arabic/Muslim,Both,0.776,"Ragnar Bengtsson, Ellis Iverman, Björn Tyrefors Hinnerich",Gender and ethnic discrimination in the rental housing market,Applied Economics Letters,10.1080/13504851.2011.564125,Completed,,,,
Bosch et al. (2015),2010,2015,Spain,ESP,Moroccan,Female,0.636,"Mariano Bosch, M. Ángeles Carnero, Lídia Farré",Rental housing discrimination and the persistence of ethnic enclaves,SERIEs (Journal of the Spanish Economic Association),10.1007/s13209-015-0122-5,Completed,,,,
Bosch et al. (2015),2010,2015,Spain,ESP,Moroccan,Male,0.362,"Mariano Bosch, M. Ángeles Carnero, Lídia Farré",Rental housing discrimination and the persistence of ethnic enclaves,SERIEs (Journal of the Spanish Economic Association),10.1007/s13209-015-0122-5,Completed,,,,
Bosch et al. (2015),2010,2015,Spain,ESP,Moroccan,Both,0.456,"Mariano Bosch, M. Ángeles Carnero, Lídia Farré",Rental housing discrimination and the persistence of ethnic enclaves,SERIEs (Journal of the Spanish Economic Association),10.1007/s13209-015-0122-5,Completed,,,,
Bunel et al. (2019),2019,2019,New Caledonia,NCL,Kanak,Both,0.692,"Mathieu Bunel, Samuel Gorohouna, Yannick L'Horty, Pascale Petit, Catherine Ris",Ethnic Discrimination in the Rental Housing Market: An Experiment in New Caledonia,International Regional Science Review,10.1177/0160017617739065,Completed,,,,
Bartos et al. (2016),2010,2016,Czech Republic,CZE,Asian,Both,0.432,"Vojtěch Bartoš, Michal Bauer, Julie Chytilová, Filip Matějka",Attention Discrimination: Theory and Field Experiments with Monitoring Information Acquisition,American Economic Review,10.1257/aer.20140571,Completed,,,,
Bartos et al. (2016),2010,2016,Czech Republic,CZE,Roma,Both,0.247,"Vojtěch Bartoš, Michal Bauer, Julie Chytilová, Filip Matějka",Attention Discrimination: Theory and Field Experiments with Monitoring Information Acquisition,American Economic Review,10.1257/aer.20140571,Completed,,,,
Sansani (2019),2017,2019,Israel,ISR,Unclassified,Both,0.768,Shahar Sansani,Are the Religiously Observant Discriminated Against in the Rental Housing Market? Experimental Evidence from Israel,Journal for the Scientific Study of Religion,10.1111/jssr.12596,Completed,,,,
Sugasawa and Harano (2023),2020,2023,Japan,JPN,Asian,Male,0.913,"Takeru Sugasawa, Kei Harano",A field experiment on discrimination against foreigners in the rental housing market in Japan examining the 23 wards of Tokyo,Journal of The Japanese and International Economies,10.1016/j.jjie.2023.101273,Completed,,,,
Sugasawa and Harano (2023),2020,2023,Japan,JPN,Asian,Male,0.688,"Takeru Sugasawa, Kei Harano",A field experiment on discrimination against foreigners in the rental housing market in Japan examining the 23 wards of Tokyo,Journal of The Japanese and International Economies,10.1016/j.jjie.2023.101273,Completed,,,,
Martiniello and Verhaeghe (2023),2021,2023,Belgium,BEL,Moroccan,Both,0.727,"Pieter-Paul Verhaeghe, Billie Martiniello, Marek Endrich, Lisa Van Landschoot",Ethnic discrimination on the shared short-term rental market of Airbnb: evidence from a correspondence study in Belgium,International Journal of Hospitality Management,10.1016/j.ijhm.2022.103423,Completed,,,,
Martiniello and Verhaeghe (2023),2021,2023,Belgium,BEL,Eastern European,Both,0.865,"Pieter-Paul Verhaeghe, Billie Martiniello, Marek Endrich, Lisa Van Landschoot",Ethnic discrimination on the shared short-term rental market of Airbnb: evidence from a correspondence study in Belgium,International Journal of Hospitality Management,10.1016/j.ijhm.2022.103423,Completed,,,,
Martiniello and Verhaeghe (2023),2021,2023,Belgium,BEL,Moroccan,Both,0.474,"Pieter-Paul Verhaeghe, Billie Martiniello, Marek Endrich, Lisa Van Landschoot",Ethnic discrimination on the shared short-term rental market of Airbnb: evidence from a correspondence study in Belgium,International Journal of Hospitality Management,10.1016/j.ijhm.2022.103423,Completed,,,,
Martiniello and Verhaeghe (2023),2021,2023,Belgium,BEL,Eastern European,Both,0.715,"Pieter-Paul Verhaeghe, Billie Martiniello, Marek Endrich, Lisa Van Landschoot",Ethnic discrimination on the shared short-term rental market of Airbnb: evidence from a correspondence study in Belgium,International Journal of Hospitality Management,10.1016/j.ijhm.2022.103423,Completed,,,,
Liu and Rommel (2023),2019,2023,China,CHN,Uighur,Both,0.693,"Ziming Liu, Jens Rommel",Unequal treatment in the rental housing markets of four Chinese megacities,Journal of Housing Economics,10.1016/j.jhe.2023.101945,Completed,,,,
Liu and Rommel (2023),2019,2023,China,CHN,Uighur,Female,0.742,"Ziming Liu, Jens Rommel",Unequal treatment in the rental housing markets of four Chinese megacities,Journal of Housing Economics,10.1016/j.jhe.2023.101945,Completed,,,,
Liu and Rommel (2023),2019,2023,China,CHN,Uighur,Male,0.513,"Ziming Liu, Jens Rommel",Unequal treatment in the rental housing markets of four Chinese megacities,Journal of Housing Economics,10.1016/j.jhe.2023.101945,Completed,,,,
Liu and Rommel (2023),2019,2023,China,CHN,Uighur,Both,0.656,"Ziming Liu, Jens Rommel",Unequal treatment in the rental housing markets of four Chinese megacities,Journal of Housing Economics,10.1016/j.jhe.2023.101945,Completed,,,,
Liu and Rommel (2023),2019,2023,China,CHN,Uighur,Female,0.729,"Ziming Liu, Jens Rommel",Unequal treatment in the rental housing markets of four Chinese megacities,Journal of Housing Economics,10.1016/j.jhe.2023.101945,Completed,,,,
Liu and Rommel (2023),2019,2023,China,CHN,Uighur,Male,0.365,"Ziming Liu, Jens Rommel",Unequal treatment in the rental housing markets of four Chinese megacities,Journal of Housing Economics,10.1016/j.jhe.2023.101945,Completed,,,,
Liu and Rommel (2023),2019,2023,China,CHN,Uighur,Both,0.701,"Ziming Liu, Jens Rommel",Unequal treatment in the rental housing markets of four Chinese megacities,Journal of Housing Economics,10.1016/j.jhe.2023.101945,Completed,,,,
Liu and Rommel (2023),2019,2023,China,CHN,Uighur,Female,0.665,"Ziming Liu, Jens Rommel",Unequal treatment in the rental housing markets of four Chinese megacities,Journal of Housing Economics,10.1016/j.jhe.2023.101945,Completed,,,,
Liu and Rommel (2023),2019,2023,China,CHN,Uighur,Male,0.554,"Ziming Liu, Jens Rommel",Unequal treatment in the rental housing markets of four Chinese megacities,Journal of Housing Economics,10.1016/j.jhe.2023.101945,Completed,,,,
Liu and Rommel (2023),2019,2023,China,CHN,Uighur,Both,0.615,"Ziming Liu, Jens Rommel",Unequal treatment in the rental housing markets of four Chinese megacities,Journal of Housing Economics,10.1016/j.jhe.2023.101945,Completed,,,,
Liu and Rommel (2023),2019,2023,China,CHN,Uighur,Female,0.664,"Ziming Liu, Jens Rommel",Unequal treatment in the rental housing markets of four Chinese megacities,Journal of Housing Economics,10.1016/j.jhe.2023.101945,Completed,,,,
Liu and Rommel (2023),2019,2023,China,CHN,Uighur,Male,0.598,"Ziming Liu, Jens Rommel",Unequal treatment in the rental housing markets of four Chinese megacities,Journal of Housing Economics,10.1016/j.jhe.2023.101945,Completed,,,,
"Lacroix, et al. (2023)",2018,2023,Switzerland,CHE,Turkish/Muslim,Both,0.842,"Julie Lacroix, Didier Ruedin, Eva Zschirnt",Discrimination driven by variation in social and economic conservatism: evidence from a nationwide field experiment,European Sociological Review,10.1093/esr/jcac051,Completed,,,,
Ghekiere et al (2023),2021,2023,Belgium,BEL,Moroccan,Female,0.51,"Abel Ghekiere, Billie Martiniello, Pieter-Paul Verhaeghe",Identifying rental discrimination on the Flemish housing market: an intersectional approach,Ethnic and Racial Studies,10.1080/01419870.2023.2177120,Completed,,,,
Ghekiere et al (2023),2021,2023,Belgium,BEL,Moroccan,Female,0.6,"Abel Ghekiere, Billie Martiniello, Pieter-Paul Verhaeghe",Identifying rental discrimination on the Flemish housing market: an intersectional approach,Ethnic and Racial Studies,10.1080/01419870.2023.2177120,Completed,,,,
Ghekiere et al (2023),2021,2023,Belgium,BEL,Eastern European,Female,0.679,"Abel Ghekiere, Billie Martiniello, Pieter-Paul Verhaeghe",Identifying rental discrimination on the Flemish housing market: an intersectional approach,Ethnic and Racial Studies,10.1080/01419870.2023.2177120,Completed,,,,
Ghekiere et al (2023),2021,2023,Belgium,BEL,Eastern European,Female,0.823,"Abel Ghekiere, Billie Martiniello, Pieter-Paul Verhaeghe",Identifying rental discrimination on the Flemish housing market: an intersectional approach,Ethnic and Racial Studies,10.1080/01419870.2023.2177120,Completed,,,,
Ghekiere et al (2023),2021,2023,Belgium,BEL,Moroccan,Male,0.72,"Abel Ghekiere, Billie Martiniello, Pieter-Paul Verhaeghe",Identifying rental discrimination on the Flemish housing market: an intersectional approach,Ethnic and Racial Studies,10.1080/01419870.2023.2177120,Completed,,,,
Ghekiere et al (2023),2021,2023,Belgium,BEL,Moroccan,Male,0.833,"Abel Ghekiere, Billie Martiniello, Pieter-Paul Verhaeghe",Identifying rental discrimination on the Flemish housing market: an intersectional approach,Ethnic and Racial Studies,10.1080/01419870.2023.2177120,Completed,,,,
Ghekiere et al (2023),2021,2023,Belgium,BEL,Eastern European,Male,1.089,"Abel Ghekiere, Billie Martiniello, Pieter-Paul Verhaeghe",Identifying rental discrimination on the Flemish housing market: an intersectional approach,Ethnic and Racial Studies,10.1080/01419870.2023.2177120,Completed,,,,
Ghekiere et al (2023),2021,2023,Belgium,BEL,Eastern European,Male,1.218,"Abel Ghekiere, Billie Martiniello, Pieter-Paul Verhaeghe",Identifying rental discrimination on the Flemish housing market: an intersectional approach,Ethnic and Racial Studies,10.1080/01419870.2023.2177120,Completed,,,,
Verhaeghe and Coninck (2022),2019,2022,Belgium,BEL,Moroccan,Both,0.581,"Pieter-Paul Verhaeghe, David De Coninck","Rental discrimination, perceived threat and public attitudes towards immigration and refugees",Ethnic and Racial Studies,10.1080/01419870.2021.1939092,Completed,,,,
Martiniello and Verhaeghe (2022),2020,2022,Belgium,BEL,Maghrebian,Both,0.696,"Billie Martiniello, Pieter-Paul Verhaeghe",Does the neighbourhood of the dwelling and the real estate agency matter? Geographical differences in ethnic discrimination on the rental housing market,Urban Studies,10.1177/00420980221086502,Completed,,,,
Martiniello and Verhaeghe (2022),2020,2022,Belgium,BEL,Congolese,Both,0.69,"Billie Martiniello, Pieter-Paul Verhaeghe",Does the neighbourhood of the dwelling and the real estate agency matter? Geographical differences in ethnic discrimination on the rental housing market,Urban Studies,10.1177/00420980221086502,Completed,,,,
Martiniello and Verhaeghe (2022),2020,2022,Belgium,BEL,Maghrebian,Both,0.534,"Billie Martiniello, Pieter-Paul Verhaeghe",Does the neighbourhood of the dwelling and the real estate agency matter? Geographical differences in ethnic discrimination on the rental housing market,Urban Studies,10.1177/00420980221086502,Completed,,,,
Martiniello and Verhaeghe (2022),2020,2022,Belgium,BEL,Congolese,Both,0.895,"Billie Martiniello, Pieter-Paul Verhaeghe",Does the neighbourhood of the dwelling and the real estate agency matter? Geographical differences in ethnic discrimination on the rental housing market,Urban Studies,10.1177/00420980221086502,Completed,,,,
Martiniello and Verhaeghe (2022),2020,2022,Belgium,BEL,Moroccan,Both,0.611,"Billie Martiniello, Pieter-Paul Verhaeghe",Does the neighbourhood of the dwelling and the real estate agency matter? Geographical differences in ethnic discrimination on the rental housing market,Urban Studies,10.1177/00420980221086502,Completed,,,,
Ghekiere and Verhaeghe (2022),2019,2022,Belgium,BEL,Maghrebian,Female,0.986,"Abel Ghekiere, Pieter-Paul Verhaeghe",How does ethnic discrimination on the housing market differ across neighborhoods and real estate agencies?,Journal of Housing Economics,10.1016/j.jhe.2021.101820,Completed,,,,
Ghekiere and Verhaeghe (2022),2019,2022,Belgium,BEL,Maghrebian,Male,0.392,"Abel Ghekiere, Pieter-Paul Verhaeghe",How does ethnic discrimination on the housing market differ across neighborhoods and real estate agencies?,Journal of Housing Economics,10.1016/j.jhe.2021.101820,Completed,,,,
Bao (2024),2022,2024,UK,GBR,Asian,Female,0.736,Helen X. H. Bao,Is hiding my first name enough? Using behavioural interventions to mitigate racial and gender discrimination in the rental housing market,Urban Studies,10.1177/00420980241231712,Completed,,,,
Bao (2024),2022,2024,UK,GBR,Asian,Female,0.753,Helen X. H. Bao,Is hiding my first name enough? Using behavioural interventions to mitigate racial and gender discrimination in the rental housing market,Urban Studies,10.1177/00420980241231712,Completed,,,,
Bao (2024),2022,2024,UK,GBR,Black/African,Female,0.642,Helen X. H. Bao,Is hiding my first name enough? Using behavioural interventions to mitigate racial and gender discrimination in the rental housing market,Urban Studies,10.1177/00420980241231712,Completed,,,,
Bao (2024),2022,2024,UK,GBR,Eastern European,Female,0.845,Helen X. H. Bao,Is hiding my first name enough? Using behavioural interventions to mitigate racial and gender discrimination in the rental housing market,Urban Studies,10.1177/00420980241231712,Completed,,,,
Bao (2024),2022,2024,UK,GBR,Asian,Male,0.562,Helen X. H. Bao,Is hiding my first name enough? Using behavioural interventions to mitigate racial and gender discrimination in the rental housing market,Urban Studies,10.1177/00420980241231712,Completed,,,,
Bao (2024),2022,2024,UK,GBR,Asian,Male,0.42,Helen X. H. Bao,Is hiding my first name enough? Using behavioural interventions to mitigate racial and gender discrimination in the rental housing market,Urban Studies,10.1177/00420980241231712,Completed,,,,
Bao (2024),2022,2024,UK,GBR,Black/African,Male,0.492,Helen X. H. Bao,Is hiding my first name enough? Using behavioural interventions to mitigate racial and gender discrimination in the rental housing market,Urban Studies,10.1177/00420980241231712,Completed,,,,
Bao (2024),2022,2024,UK,GBR,Eastern European,Male,0.243,Helen X. H. Bao,Is hiding my first name enough? Using behavioural interventions to mitigate racial and gender discrimination in the rental housing market,Urban Studies,10.1177/00420980241231712,Completed,,,,
Bao (2024),2022,2024,UK,GBR,Asian,Female,1.069,Helen X. H. Bao,Is hiding my first name enough? Using behavioural interventions to mitigate racial and gender discrimination in the rental housing market,Urban Studies,10.1177/00420980241231712,Completed,,,,
Bao (2024),2022,2024,UK,GBR,Asian,Female,0.607,Helen X. H. Bao,Is hiding my first name enough? Using behavioural interventions to mitigate racial and gender discrimination in the rental housing market,Urban Studies,10.1177/00420980241231712,Completed,,,,
Bao (2024),2022,2024,UK,GBR,Black/African,Female,0.538,Helen X. H. Bao,Is hiding my first name enough? Using behavioural interventions to mitigate racial and gender discrimination in the rental housing market,Urban Studies,10.1177/00420980241231712,Completed,,,,
Bao (2024),2022,2024,UK,GBR,Eastern European,Female,0.579,Helen X. H. Bao,Is hiding my first name enough? Using behavioural interventions to mitigate racial and gender discrimination in the rental housing market,Urban Studies,10.1177/00420980241231712,Completed,,,,
Bao (2024),2022,2024,UK,GBR,Asian,Male,0.875,Helen X. H. Bao,Is hiding my first name enough? Using behavioural interventions to mitigate racial and gender discrimination in the rental housing market,Urban Studies,10.1177/00420980241231712,Completed,,,,
Bao (2024),2022,2024,UK,GBR,Asian,Male,0.667,Helen X. H. Bao,Is hiding my first name enough? Using behavioural interventions to mitigate racial and gender discrimination in the rental housing market,Urban Studies,10.1177/00420980241231712,Completed,,,,
Bao (2024),2022,2024,UK,GBR,Black/African,Male,0.935,Helen X. H. Bao,Is hiding my first name enough? Using behavioural interventions to mitigate racial and gender discrimination in the rental housing market,Urban Studies,10.1177/00420980241231712,Completed,,,,
Bao (2024),2022,2024,UK,GBR,Eastern European,Male,0.765,Helen X. H. Bao,Is hiding my first name enough? Using behavioural interventions to mitigate racial and gender discrimination in the rental housing market,Urban Studies,10.1177/00420980241231712,Completed,,,,
Bao (2024),2022,2024,UK,GBR,Asian,Female,1.205,Helen X. H. Bao,Is hiding my first name enough? Using behavioural interventions to mitigate racial and gender discrimination in the rental housing market,Urban Studies,10.1177/00420980241231712,Completed,,,,
Bao (2024),2022,2024,UK,GBR,Asian,Female,0.893,Helen X. H. Bao,Is hiding my first name enough? Using behavioural interventions to mitigate racial and gender discrimination in the rental housing market,Urban Studies,10.1177/00420980241231712,Completed,,,,
Bao (2024),2022,2024,UK,GBR,Black/African,Female,0.945,Helen X. H. Bao,Is hiding my first name enough? Using behavioural interventions to mitigate racial and gender discrimination in the rental housing market,Urban Studies,10.1177/00420980241231712,Completed,,,,
Bao (2024),2022,2024,UK,GBR,Eastern European,Female,0.791,Helen X. H. Bao,Is hiding my first name enough? Using behavioural interventions to mitigate racial and gender discrimination in the rental housing market,Urban Studies,10.1177/00420980241231712,Completed,,,,
Bao (2024),2022,2024,UK,GBR,Asian,Male,0.459,Helen X. H. Bao,Is hiding my first name enough? Using behavioural interventions to mitigate racial and gender discrimination in the rental housing market,Urban Studies,10.1177/00420980241231712,Completed,,,,
Bao (2024),2022,2024,UK,GBR,Asian,Male,0.254,Helen X. H. Bao,Is hiding my first name enough? Using behavioural interventions to mitigate racial and gender discrimination in the rental housing market,Urban Studies,10.1177/00420980241231712,Completed,,,,
Bao (2024),2022,2024,UK,GBR,Black/African,Male,0.289,Helen X. H. Bao,Is hiding my first name enough? Using behavioural interventions to mitigate racial and gender discrimination in the rental housing market,Urban Studies,10.1177/00420980241231712,Completed,,,,
Bao (2024),2022,2024,UK,GBR,Eastern European,Male,0.137,Helen X. H. Bao,Is hiding my first name enough? Using behavioural interventions to mitigate racial and gender discrimination in the rental housing market,Urban Studies,10.1177/00420980241231712,Completed,,,,
Bao (2024),2022,2024,UK,GBR,Asian,Female,1.307,Helen X. H. Bao,Is hiding my first name enough? Using behavioural interventions to mitigate racial and gender discrimination in the rental housing market,Urban Studies,10.1177/00420980241231712,Completed,,,,
Bao (2024),2022,2024,UK,GBR,Asian,Female,0.791,Helen X. H. Bao,Is hiding my first name enough? Using behavioural interventions to mitigate racial and gender discrimination in the rental housing market,Urban Studies,10.1177/00420980241231712,Completed,,,,
Bao (2024),2022,2024,UK,GBR,Black/African,Female,0.567,Helen X. H. Bao,Is hiding my first name enough? Using behavioural interventions to mitigate racial and gender discrimination in the rental housing market,Urban Studies,10.1177/00420980241231712,Completed,,,,
Bao (2024),2022,2024,UK,GBR,Eastern European,Female,0.567,Helen X. H. Bao,Is hiding my first name enough? Using behavioural interventions to mitigate racial and gender discrimination in the rental housing market,Urban Studies,10.1177/00420980241231712,Completed,,,,
Bao (2024),2022,2024,UK,GBR,Asian,Male,0.226,Helen X. H. Bao,Is hiding my first name enough? Using behavioural interventions to mitigate racial and gender discrimination in the rental housing market,Urban Studies,10.1177/00420980241231712,Completed,,,,
Bao (2024),2022,2024,UK,GBR,Asian,Male,0.307,Helen X. H. Bao,Is hiding my first name enough? Using behavioural interventions to mitigate racial and gender discrimination in the rental housing market,Urban Studies,10.1177/00420980241231712,Completed,,,,
Bao (2024),2022,2024,UK,GBR,Black/African,Male,0.661,Helen X. H. Bao,Is hiding my first name enough? Using behavioural interventions to mitigate racial and gender discrimination in the rental housing market,Urban Studies,10.1177/00420980241231712,Completed,,,,
Bao (2024),2022,2024,UK,GBR,Eastern European,Male,0.477,Helen X. H. Bao,Is hiding my first name enough? Using behavioural interventions to mitigate racial and gender discrimination in the rental housing market,Urban Studies,10.1177/00420980241231712,Completed,,,,
Ahmeda and Bandick (2024),2022,2024,Sweden,SWE,Arabic/Muslim,Both,1.031,"Ali Ahmed, Roger Bandick",A field experiment on ethnic bias in public housing practices in Sweden,Housing Studies,10.1080/02673037.2024.2374918,Completed,,,,
Ahmeda and Bandick (2024),2022,2024,Sweden,SWE,Arabic/Muslim,Both,0.569,"Ali Ahmed, Roger Bandick",A field experiment on ethnic bias in public housing practices in Sweden,Housing Studies,10.1080/02673037.2024.2374918,Completed,,,,
Ahmeda and Bandick (2024),2022,2024,Sweden,SWE,Arabic/Muslim,Both,1.117,"Ali Ahmed, Roger Bandick",A field experiment on ethnic bias in public housing practices in Sweden,Housing Studies,10.1080/02673037.2024.2374918,Completed,,,,
Ahmeda and Bandick (2024),2022,2024,Sweden,SWE,Arabic/Muslim,Both,0.162,"Ali Ahmed, Roger Bandick",A field experiment on ethnic bias in public housing practices in Sweden,Housing Studies,10.1080/02673037.2024.2374918,Completed,,,,
"Auspurg, Lorenz and Schneck (2023)",2015,2023,Germany,DEU,Arabic/Muslim,Male,0.653,"Katrin Auspurg, Renate Lorenz, Andreas Schneck",Does Unprecedented Mass Immigration Fuel Ethnic Discrimination? A Two-Wave Field Experiment in the German Housing Market,Sociological Science,10.15195/v10.a22,Completed,,,,
"Bonnet, Lalé, Safi and Wasmer (2016)",2005,2016,France,FRA,Black/African,Both,0.644,"François Bonnet, Etienne Lalé, Mirna Safi, Etienne Wasmer",Better residential than ethnic discrimination! Reconciling audit and interview findings in the Parisian housing market,Urban Studies,10.1177/0042098015596107,Completed,,,,
"Bonnet, Lalé, Safi and Wasmer (2016)",2005,2016,France,FRA,Black/African,Both,1.231,"François Bonnet, Etienne Lalé, Mirna Safi, Etienne Wasmer",Better residential than ethnic discrimination! Reconciling audit and interview findings in the Parisian housing market,Urban Studies,10.1177/0042098015596107,Completed,,,,
"Chareyron, Horty, Mbaye and Petit (2023)",2019,2023,France,FRA,Black/African,Both,0.713,"Sylvain Chareyron, Yannick L'Horty, Souleymane Mbaye, Pascale Petit",Reducing ethnic discrimination through formal warning: Evidence from two combined field experiments,Regional Science and Urban Economics,10.1016/j.regsciurbeco.2022.103850,Completed,,,,
"Christensen, Sarmiento-Barbieri and Timmins (2022)",2019,2022,USA,USA,Black/African,Both,0.329,"Peter Christensen, Christopher Timmins",Sorting or Steering: The Effects of Housing Discrimination on Neighborhood Choice,Journal of Political Economy,10.1086/720140,Completed,,,,
"Christensen, Sarmiento-Barbieri and Timmins (2022)",2019,2022,USA,USA,Hispanic/Latino,Both,0.68,"Peter Christensen, Christopher Timmins",Sorting or Steering: The Effects of Housing Discrimination on Neighborhood Choice,Journal of Political Economy,10.1086/720140,Completed,,,,
"Christensen, Sarmiento-Barbieri and Timmins (2022)",2019,2022,USA,USA,Black/African,Both,0.403,"Peter Christensen, Christopher Timmins",Sorting or Steering: The Effects of Housing Discrimination on Neighborhood Choice,Journal of Political Economy,10.1086/720140,Completed,,,,
"Christensen, Sarmiento-Barbieri and Timmins (2022)",2019,2022,USA,USA,Hispanic/Latino,Both,0.876,"Peter Christensen, Christopher Timmins",Sorting or Steering: The Effects of Housing Discrimination on Neighborhood Choice,Journal of Political Economy,10.1086/720140,Completed,,,,
"Christensen, Sarmiento-Barbieri and Timmins (2022)",2019,2022,USA,USA,Black/African,Both,0.987,"Peter Christensen, Christopher Timmins",Sorting or Steering: The Effects of Housing Discrimination on Neighborhood Choice,Journal of Political Economy,10.1086/720140,Completed,,,,
"Christensen, Sarmiento-Barbieri and Timmins (2022)",2019,2022,USA,USA,Hispanic/Latino,Both,1.644,"Peter Christensen, Christopher Timmins",Sorting or Steering: The Effects of Housing Discrimination on Neighborhood Choice,Journal of Political Economy,10.1086/720140,Completed,,,,
Gaddis and Ghoshal (2015),2015,2015,USA,USA,Arabic/Muslim,Female,0.553,"Gaddis, S. M. and R. Ghoshal","Arab American Housing Discrimination, Ethnic Competition, and the Contact Hypothesis",Annals of the American Academy of Political and Social Science,,Completed,,,,
Gaddis and Ghoshal (2015),2015,2015,USA,USA,Arabic/Muslim,Female,0.521,"Gaddis, S. M. and R. Ghoshal","Arab American Housing Discrimination, Ethnic Competition, and the Contact Hypothesis",Annals of the American Academy of Political and Social Science,,Completed,,,,
Gaddis and Ghoshal (2015),2015,2015,USA,USA,Arabic/Muslim,Female,0.791,"Gaddis, S. M. and R. Ghoshal","Arab American Housing Discrimination, Ethnic Competition, and the Contact Hypothesis",Annals of the American Academy of Political and Social Science,,Completed,,,,
Gaddis and Ghoshal (2020),2014,2020,USA,USA,Black/African,Both,0.49,"S. Michael Gaddis, Raj Ghoshal",Searching for a Roommate: A Correspondence Audit Examining Racial/Ethnic and Immigrant Discrimination among Millennials,Socius,10.1177/2378023120972287,Completed,,,,
Gaddis and Ghoshal (2020),2014,2020,USA,USA,Hispanic/Latino,Both,0.58,"S. Michael Gaddis, Raj Ghoshal",Searching for a Roommate: A Correspondence Audit Examining Racial/Ethnic and Immigrant Discrimination among Millennials,Socius,10.1177/2378023120972287,Completed,,,,
Gaddis and Ghoshal (2020),2014,2020,USA,USA,Black/African,Both,0.417,"S. Michael Gaddis, Raj Ghoshal",Searching for a Roommate: A Correspondence Audit Examining Racial/Ethnic and Immigrant Discrimination among Millennials,Socius,10.1177/2378023120972287,Completed,,,,
Gaddis and Ghoshal (2020),2014,2020,USA,USA,Hispanic/Latino,Both,0.667,"S. Michael Gaddis, Raj Ghoshal",Searching for a Roommate: A Correspondence Audit Examining Racial/Ethnic and Immigrant Discrimination among Millennials,Socius,10.1177/2378023120972287,Completed,,,,
Gaddis and Ghoshal (2020),2014,2020,USA,USA,Black/African,Both,0.455,"S. Michael Gaddis, Raj Ghoshal",Searching for a Roommate: A Correspondence Audit Examining Racial/Ethnic and Immigrant Discrimination among Millennials,Socius,10.1177/2378023120972287,Completed,,,,
Gaddis and Ghoshal (2020),2014,2020,USA,USA,Hispanic/Latino,Both,0.345,"S. Michael Gaddis, Raj Ghoshal",Searching for a Roommate: A Correspondence Audit Examining Racial/Ethnic and Immigrant Discrimination among Millennials,Socius,10.1177/2378023120972287,Completed,,,,
Gaddis and Ghoshal (2020),2014,2020,USA,USA,Asian,Both,0.522,"S. Michael Gaddis, Raj Ghoshal",Searching for a Roommate: A Correspondence Audit Examining Racial/Ethnic and Immigrant Discrimination among Millennials,Socius,10.1177/2378023120972287,Completed,,,,
Gaddis and Ghoshal (2020),2014,2020,USA,USA,Asian,Both,0.704,"S. Michael Gaddis, Raj Ghoshal",Searching for a Roommate: A Correspondence Audit Examining Racial/Ethnic and Immigrant Discrimination among Millennials,Socius,10.1177/2378023120972287,Completed,,,,
Gaddis and Ghoshal (2020),2014,2020,USA,USA,Asian,Both,1.128,"S. Michael Gaddis, Raj Ghoshal",Searching for a Roommate: A Correspondence Audit Examining Racial/Ethnic and Immigrant Discrimination among Millennials,Socius,10.1177/2378023120972287,Completed,,,,
Gaddis and Ghoshal (2020),2014,2020,USA,USA,Asian,Both,0.961,"S. Michael Gaddis, Raj Ghoshal",Searching for a Roommate: A Correspondence Audit Examining Racial/Ethnic and Immigrant Discrimination among Millennials,Socius,10.1177/2378023120972287,Completed,,,,
Gaddis and Ghoshal (2020),2014,2020,USA,USA,Asian,Both,0.569,"S. Michael Gaddis, Raj Ghoshal",Searching for a Roommate: A Correspondence Audit Examining Racial/Ethnic and Immigrant Discrimination among Millennials,Socius,10.1177/2378023120972287,Completed,,,,
Gaddis and Ghoshal (2020),2014,2020,USA,USA,Asian,Both,0.691,"S. Michael Gaddis, Raj Ghoshal",Searching for a Roommate: A Correspondence Audit Examining Racial/Ethnic and Immigrant Discrimination among Millennials,Socius,10.1177/2378023120972287,Completed,,,,
Gaddis and Ghoshal (2020),2014,2020,USA,USA,Asian,Both,1.108,"S. Michael Gaddis, Raj Ghoshal",Searching for a Roommate: A Correspondence Audit Examining Racial/Ethnic and Immigrant Discrimination among Millennials,Socius,10.1177/2378023120972287,Completed,,,,
Gaddis and Ghoshal (2020),2014,2020,USA,USA,Asian,Both,0.699,"S. Michael Gaddis, Raj Ghoshal",Searching for a Roommate: A Correspondence Audit Examining Racial/Ethnic and Immigrant Discrimination among Millennials,Socius,10.1177/2378023120972287,Completed,,,,
Gaddis and Ghoshal (2020),2014,2020,USA,USA,Asian,Both,0.448,"S. Michael Gaddis, Raj Ghoshal",Searching for a Roommate: A Correspondence Audit Examining Racial/Ethnic and Immigrant Discrimination among Millennials,Socius,10.1177/2378023120972287,Completed,,,,
Gaddis and Ghoshal (2020),2014,2020,USA,USA,Asian,Both,0.605,"S. Michael Gaddis, Raj Ghoshal",Searching for a Roommate: A Correspondence Audit Examining Racial/Ethnic and Immigrant Discrimination among Millennials,Socius,10.1177/2378023120972287,Completed,,,,
Gaddis and Ghoshal (2020),2014,2020,USA,USA,Asian,Both,0.96,"S. Michael Gaddis, Raj Ghoshal",Searching for a Roommate: A Correspondence Audit Examining Racial/Ethnic and Immigrant Discrimination among Millennials,Socius,10.1177/2378023120972287,Completed,,,,
Gaddis and Ghoshal (2020),2014,2020,USA,USA,Asian,Both,1.705,"S. Michael Gaddis, Raj Ghoshal",Searching for a Roommate: A Correspondence Audit Examining Racial/Ethnic and Immigrant Discrimination among Millennials,Socius,10.1177/2378023120972287,Completed,,,,
Gaddis and Ghoshal (2020),2014,2020,USA,USA,Asian,Both,0.429,"S. Michael Gaddis, Raj Ghoshal",Searching for a Roommate: A Correspondence Audit Examining Racial/Ethnic and Immigrant Discrimination among Millennials,Socius,10.1177/2378023120972287,Completed,,,,
Gaddis and Ghoshal (2020),2014,2020,USA,USA,Asian,Both,0.599,"S. Michael Gaddis, Raj Ghoshal",Searching for a Roommate: A Correspondence Audit Examining Racial/Ethnic and Immigrant Discrimination among Millennials,Socius,10.1177/2378023120972287,Completed,,,,
Gaddis and Ghoshal (2020),2014,2020,USA,USA,Asian,Both,1.242,"S. Michael Gaddis, Raj Ghoshal",Searching for a Roommate: A Correspondence Audit Examining Racial/Ethnic and Immigrant Discrimination among Millennials,Socius,10.1177/2378023120972287,Completed,,,,
Gaddis and Ghoshal (2020),2014,2020,USA,USA,Hispanic/Latino,Both,0.602,"S. Michael Gaddis, Raj Ghoshal",Searching for a Roommate: A Correspondence Audit Examining Racial/Ethnic and Immigrant Discrimination among Millennials,Socius,10.1177/2378023120972287,Completed,,,,
Gaddis and Ghoshal (2020),2014,2020,USA,USA,Asian,Both,0.931,"S. Michael Gaddis, Raj Ghoshal",Searching for a Roommate: A Correspondence Audit Examining Racial/Ethnic and Immigrant Discrimination among Millennials,Socius,10.1177/2378023120972287,Completed,,,,
Gaddis and Ghoshal (2020),2014,2020,USA,USA,Asian,Both,1.299,"S. Michael Gaddis, Raj Ghoshal",Searching for a Roommate: A Correspondence Audit Examining Racial/Ethnic and Immigrant Discrimination among Millennials,Socius,10.1177/2378023120972287,Completed,,,,
Gaddis and Ghoshal (2020),2014,2020,USA,USA,Asian,Both,0.792,"S. Michael Gaddis, Raj Ghoshal",Searching for a Roommate: A Correspondence Audit Examining Racial/Ethnic and Immigrant Discrimination among Millennials,Socius,10.1177/2378023120972287,Completed,,,,
Gaddis and Ghoshal (2020),2014,2020,USA,USA,Hispanic/Latino,Both,0.645,"S. Michael Gaddis, Raj Ghoshal",Searching for a Roommate: A Correspondence Audit Examining Racial/Ethnic and Immigrant Discrimination among Millennials,Socius,10.1177/2378023120972287,Completed,,,,
Gaddis and Ghoshal (2020),2014,2020,USA,USA,Asian,Both,0.775,"S. Michael Gaddis, Raj Ghoshal",Searching for a Roommate: A Correspondence Audit Examining Racial/Ethnic and Immigrant Discrimination among Millennials,Socius,10.1177/2378023120972287,Completed,,,,
Gaddis and Ghoshal (2020),2014,2020,USA,USA,Asian,Both,0.302,"S. Michael Gaddis, Raj Ghoshal",Searching for a Roommate: A Correspondence Audit Examining Racial/Ethnic and Immigrant Discrimination among Millennials,Socius,10.1177/2378023120972287,Completed,,,,
Gaddis and Ghoshal (2020),2014,2020,USA,USA,Asian,Both,1.109,"S. Michael Gaddis, Raj Ghoshal",Searching for a Roommate: A Correspondence Audit Examining Racial/Ethnic and Immigrant Discrimination among Millennials,Socius,10.1177/2378023120972287,Completed,,,,
Gaddis and Ghoshal (2020),2014,2020,USA,USA,Hispanic/Latino,Both,1.255,"S. Michael Gaddis, Raj Ghoshal",Searching for a Roommate: A Correspondence Audit Examining Racial/Ethnic and Immigrant Discrimination among Millennials,Socius,10.1177/2378023120972287,Completed,,,,
Gaddis and Ghoshal (2020),2014,2020,USA,USA,Black/African,Both,0.499,"S. Michael Gaddis, Raj Ghoshal",Searching for a Roommate: A Correspondence Audit Examining Racial/Ethnic and Immigrant Discrimination among Millennials,Socius,10.1177/2378023120972287,Completed,,,,
Gaddis and Ghoshal (2020),2014,2020,USA,USA,Hispanic/Latino,Both,0.62,"S. Michael Gaddis, Raj Ghoshal",Searching for a Roommate: A Correspondence Audit Examining Racial/Ethnic and Immigrant Discrimination among Millennials,Socius,10.1177/2378023120972287,Completed,,,,
Gaddis and Ghoshal (2020),2014,2020,USA,USA,Black/African,Both,0.482,"S. Michael Gaddis, Raj Ghoshal",Searching for a Roommate: A Correspondence Audit Examining Racial/Ethnic and Immigrant Discrimination among Millennials,Socius,10.1177/2378023120972287,Completed,,,,
Gaddis and Ghoshal (2020),2014,2020,USA,USA,Hispanic/Latino,Both,0.845,"S. Michael Gaddis, Raj Ghoshal",Searching for a Roommate: A Correspondence Audit Examining Racial/Ethnic and Immigrant Discrimination among Millennials,Socius,10.1177/2378023120972287,Completed,,,,
Gaddis and Ghoshal (2020),2014,2020,USA,USA,Black/African,Both,0.373,"S. Michael Gaddis, Raj Ghoshal",Searching for a Roommate: A Correspondence Audit Examining Racial/Ethnic and Immigrant Discrimination among Millennials,Socius,10.1177/2378023120972287,Completed,,,,
Gaddis and Ghoshal (2020),2014,2020,USA,USA,Hispanic/Latino,Both,0.493,"S. Michael Gaddis, Raj Ghoshal",Searching for a Roommate: A Correspondence Audit Examining Racial/Ethnic and Immigrant Discrimination among Millennials,Socius,10.1177/2378023120972287,Completed,,,,
Kahveci (2023),2019,2023,Turkey,TUR,Syrian/Muslim,Both,0.04,Mustafa Kahveci,Housing Segregation in the Rental Housing Market: A Field Experiment for Istanbul,SİYASAL: Journal of Political Sciences,10.26650/siyasal.2023.32.1349823,Completed,,,,
Mourelatos and Oikarinen (2023),2022,2023,Finland,FIN,Russian,Male,0.542,"Evangelos Mourelatos, Elias Oikarinen",Ethnic discrimination during wartime: Evidence from a field experiment in the Finnish housing market,Journal of Behavioral and Experimental Economics,10.1016/j.socec.2023.102079,Completed,,,,
Mourelatos and Oikarinen (2023),2022,2023,Finland,FIN,British,Male,0.919,"Evangelos Mourelatos, Elias Oikarinen",Ethnic discrimination during wartime: Evidence from a field experiment in the Finnish housing market,Journal of Behavioral and Experimental Economics,10.1016/j.socec.2023.102079,Completed,,,,
Ahmed and Nsabimana (2024),2022,2024,Sweden,SWE,Arabic/Muslim,Male,0.388,"Ali Ahmed, Umba Nsabimana",Brick by brick bias: Arab Muslim experience of intersectionality in housing,Journal of Ethnic and Migration Studies,10.1080/1369183X.2024.2366319,Completed,,,,
Ahmed and Nsabimana (2024),2022,2024,Sweden,SWE,Arabic/Muslim,Male,0.204,"Ali Ahmed, Umba Nsabimana",Brick by brick bias: Arab Muslim experience of intersectionality in housing,Journal of Ethnic and Migration Studies,10.1080/1369183X.2024.2366319,Completed,,,,
Ahmed and Nsabimana (2024),2022,2024,Sweden,SWE,Arabic/Muslim,Male,0.558,"Ali Ahmed, Umba Nsabimana",Brick by brick bias: Arab Muslim experience of intersectionality in housing,Journal of Ethnic and Migration Studies,10.1080/1369183X.2024.2366319,Completed,,,,
Ahmed and Nsabimana (2024),2022,2024,Sweden,SWE,Arabic/Muslim,Male,0.201,"Ali Ahmed, Umba Nsabimana",Brick by brick bias: Arab Muslim experience of intersectionality in housing,Journal of Ethnic and Migration Studies,10.1080/1369183X.2024.2366319,Completed,,,,
"San Millán, J., et al. (2025)",2021,2025,Spain,ESP,Asian,Male,0.486,"Javier San Millán, Javier Polavieja, Toni Gamundí",Rental housing discrimination against Chinese minorities in Spain: a new instant messaging correspondence test,Social Forces,10.1093/sf/soaf140,Completed,,,,
"San Millán, J., et al. (2025)",2021,2025,Spain,ESP,Asian,Male,0.703,"Javier San Millán, Javier Polavieja, Toni Gamundí",Rental housing discrimination against Chinese minorities in Spain: a new instant messaging correspondence test,Social Forces,10.1093/sf/soaf140,Completed,,,,
"San Millán, J., et al. (2025)",2021,2025,Spain,ESP,Asian,Male,0.488,"Javier San Millán, Javier Polavieja, Toni Gamundí",Rental housing discrimination against Chinese minorities in Spain: a new instant messaging correspondence test,Social Forces,10.1093/sf/soaf140,Completed,,,,
"San Millán, J., et al. (2025)",2021,2025,Spain,ESP,Asian,Male,0.874,"Javier San Millán, Javier Polavieja, Toni Gamundí",Rental housing discrimination against Chinese minorities in Spain: a new instant messaging correspondence test,Social Forces,10.1093/sf/soaf140,Completed,,,,
"Zschirnt, E., et al. (2025)",2018,2025,Sweden,SWE,European,Both,1.043,"Eva Zschirnt, Julie Lacroix, Didier Ruedin",'Tell me more…': the kind of information added influences ethnic discrimination in the Swiss rental housing market,European Societies,10.1162/euso_a_00034,Completed,,,,
"Zschirnt, E., et al. (2025)",2018,2025,Sweden,SWE,European,Both,1.043,"Eva Zschirnt, Julie Lacroix, Didier Ruedin",'Tell me more…': the kind of information added influences ethnic discrimination in the Swiss rental housing market,European Societies,10.1162/euso_a_00034,Completed,,,,
"Zschirnt, E., et al. (2025)",2018,2025,Sweden,SWE,European,Both,1.043,"Eva Zschirnt, Julie Lacroix, Didier Ruedin",'Tell me more…': the kind of information added influences ethnic discrimination in the Swiss rental housing market,European Societies,10.1162/euso_a_00034,Completed,,,,
"Zschirnt, E., et al. (2025)",2018,2025,Sweden,SWE,European,Both,1.113,"Eva Zschirnt, Julie Lacroix, Didier Ruedin",'Tell me more…': the kind of information added influences ethnic discrimination in the Swiss rental housing market,European Societies,10.1162/euso_a_00034,Completed,,,,
"Zschirnt, E., et al. (2025)",2018,2025,Sweden,SWE,European,Both,1.113,"Eva Zschirnt, Julie Lacroix, Didier Ruedin",'Tell me more…': the kind of information added influences ethnic discrimination in the Swiss rental housing market,European Societies,10.1162/euso_a_00034,Completed,,,,
"Zschirnt, E., et al. (2025)",2018,2025,Sweden,SWE,European,Both,1.113,"Eva Zschirnt, Julie Lacroix, Didier Ruedin",'Tell me more…': the kind of information added influences ethnic discrimination in the Swiss rental housing market,European Societies,10.1162/euso_a_00034,Completed,,,,
"Zschirnt, E., et al. (2025)",2018,2025,Sweden,SWE,Turkish/Muslim,Both,0.843,"Eva Zschirnt, Julie Lacroix, Didier Ruedin",'Tell me more…': the kind of information added influences ethnic discrimination in the Swiss rental housing market,European Societies,10.1162/euso_a_00034,Completed,,,,
"Zschirnt, E., et al. (2025)",2018,2025,Sweden,SWE,Turkish/Muslim,Both,0.843,"Eva Zschirnt, Julie Lacroix, Didier Ruedin",'Tell me more…': the kind of information added influences ethnic discrimination in the Swiss rental housing market,European Societies,10.1162/euso_a_00034,Completed,,,,
"Gorzig, M. and D. Rho (2026)",2021,2026,USA,USA,Somali,Male,0.848,"Marina Mileo Gorzig, Deborah Rho",The impact of renter protection policies on rental housing discrimination,Contemporary Economic Policy,,Completed,,,,
"Gorzig, M. and D. Rho (2026)",2021,2026,USA,USA,Black/African,Male,1.223,"Marina Mileo Gorzig, Deborah Rho",The impact of renter protection policies on rental housing discrimination,Contemporary Economic Policy,,Completed,,,,
"Gorzig, M. and D. Rho (2026)",2021,2026,USA,USA,Somali,Male,0.884,"Marina Mileo Gorzig, Deborah Rho",The impact of renter protection policies on rental housing discrimination,Contemporary Economic Policy,,Completed,,,,
"Gorzig, M. and D. Rho (2026)",2021,2026,USA,USA,Black/African,Male,1.0,"Marina Mileo Gorzig, Deborah Rho",The impact of renter protection policies on rental housing discrimination,Contemporary Economic Policy,,Completed,,,,
"Gorzig, M. and D. Rho (2026)",2021,2026,USA,USA,Somali,Male,0.429,"Marina Mileo Gorzig, Deborah Rho",The impact of renter protection policies on rental housing discrimination,Contemporary Economic Policy,,Completed,,,,
"Gorzig, M. and D. Rho (2026)",2021,2026,USA,USA,Black/African,Male,0.587,"Marina Mileo Gorzig, Deborah Rho",The impact of renter protection policies on rental housing discrimination,Contemporary Economic Policy,,Completed,,,,
"Gorzig, M. and D. Rho (2026)",2021,2026,USA,USA,Somali,Male,2.085,"Marina Mileo Gorzig, Deborah Rho",The impact of renter protection policies on rental housing discrimination,Contemporary Economic Policy,,Completed,,,,
"Gorzig, M. and D. Rho (2026)",2021,2026,USA,USA,Black/African,Male,1.762,"Marina Mileo Gorzig, Deborah Rho",The impact of renter protection policies on rental housing discrimination,Contemporary Economic Policy,,Completed,,,,
"Weichselbaumer, D. and H. Riess (2024)",2020,2024,Austria,AUT,Eastern European,Male,0.739,"Doris Weichselbaumer, Hermann Riess",Discrimination in the Austrian rental housing market: The effect of information concerning first and second-generation immigrant status,Journal of Housing Economics,10.1016/j.jhe.2024.102030,Completed,,,,
"Weichselbaumer, D. and H. Riess (2024)",2020,2024,Austria,AUT,Turkish/Muslim,Male,0.484,"Doris Weichselbaumer, Hermann Riess",Discrimination in the Austrian rental housing market: The effect of information concerning first and second-generation immigrant status,Journal of Housing Economics,10.1016/j.jhe.2024.102030,Completed,,,,
"Weichselbaumer, D. and H. Riess (2024)",2020,2024,Austria,AUT,Syrian/Muslim,Male,0.293,"Doris Weichselbaumer, Hermann Riess",Discrimination in the Austrian rental housing market: The effect of information concerning first and second-generation immigrant status,Journal of Housing Economics,10.1016/j.jhe.2024.102030,Completed,,,,
"Weichselbaumer, D. and H. Riess (2024)",2020,2024,Austria,AUT,Eastern European,Male,0.474,"Doris Weichselbaumer, Hermann Riess",Discrimination in the Austrian rental housing market: The effect of information concerning first and second-generation immigrant status,Journal of Housing Economics,10.1016/j.jhe.2024.102030,Completed,,,,
"Weichselbaumer, D. and H. Riess (2024)",2020,2024,Austria,AUT,Turkish/Muslim,Male,0.312,"Doris Weichselbaumer, Hermann Riess",Discrimination in the Austrian rental housing market: The effect of information concerning first and second-generation immigrant status,Journal of Housing Economics,10.1016/j.jhe.2024.102030,Completed,,,,
"Weichselbaumer, D. and H. Riess (2024)",2020,2024,Austria,AUT,Syrian/Muslim,Male,0.2,"Doris Weichselbaumer, Hermann Riess",Discrimination in the Austrian rental housing market: The effect of information concerning first and second-generation immigrant status,Journal of Housing Economics,10.1016/j.jhe.2024.102030,Completed,,,,
"Weichselbaumer, D. and H. Riess (2024)",2020,2024,Austria,AUT,Eastern European,Male,0.53,"Doris Weichselbaumer, Hermann Riess",Discrimination in the Austrian rental housing market: The effect of information concerning first and second-generation immigrant status,Journal of Housing Economics,10.1016/j.jhe.2024.102030,Completed,,,,
"Weichselbaumer, D. and H. Riess (2024)",2020,2024,Austria,AUT,Turkish/Muslim,Male,0.356,"Doris Weichselbaumer, Hermann Riess",Discrimination in the Austrian rental housing market: The effect of information concerning first and second-generation immigrant status,Journal of Housing Economics,10.1016/j.jhe.2024.102030,Completed,,,,
"Weichselbaumer, D. and H. Riess (2024)",2020,2024,Austria,AUT,Syrian/Muslim,Male,0.383,"Doris Weichselbaumer, Hermann Riess",Discrimination in the Austrian rental housing market: The effect of information concerning first and second-generation immigrant status,Journal of Housing Economics,10.1016/j.jhe.2024.102030,Completed,,,,
"Weichselbaumer, D. and H. Riess (2024)",2020,2024,Austria,AUT,Eastern European,Male,0.739,"Doris Weichselbaumer, Hermann Riess",Discrimination in the Austrian rental housing market: The effect of information concerning first and second-generation immigrant status,Journal of Housing Economics,10.1016/j.jhe.2024.102030,Completed,,,,
"Weichselbaumer, D. and H. Riess (2024)",2020,2024,Austria,AUT,Turkish/Muslim,Male,0.49,"Doris Weichselbaumer, Hermann Riess",Discrimination in the Austrian rental housing market: The effect of information concerning first and second-generation immigrant status,Journal of Housing Economics,10.1016/j.jhe.2024.102030,Completed,,,,
"Weichselbaumer, D. and H. Riess (2024)",2020,2024,Austria,AUT,Syrian/Muslim,Male,0.545,"Doris Weichselbaumer, Hermann Riess",Discrimination in the Austrian rental housing market: The effect of information concerning first and second-generation immigrant status,Journal of Housing Economics,10.1016/j.jhe.2024.102030,Completed,,,,
"Huang, A. and H. Bao (2026)",2022,2026,UK,GBR,Asian,Male,0.641,"Andrew H. Huang, Helen X. H. Bao","Good jobs, good tenants? Understanding racial and gender discrimination in the housing market",Housing Studies,10.1080/02673037.2025.2498377,Completed,,,,
"Huang, A. and H. Bao (2026)",2022,2026,UK,GBR,Black/African,Male,0.887,"Andrew H. Huang, Helen X. H. Bao","Good jobs, good tenants? Understanding racial and gender discrimination in the housing market",Housing Studies,10.1080/02673037.2025.2498377,Completed,,,,
"Huang, A. and H. Bao (2026)",2022,2026,UK,GBR,Asian,Male,0.852,"Andrew H. Huang, Helen X. H. Bao","Good jobs, good tenants? Understanding racial and gender discrimination in the housing market",Housing Studies,10.1080/02673037.2025.2498377,Completed,,,,
"Huang, A. and H. Bao (2026)",2022,2026,UK,GBR,Asian,Female,0.613,"Andrew H. Huang, Helen X. H. Bao","Good jobs, good tenants? Understanding racial and gender discrimination in the housing market",Housing Studies,10.1080/02673037.2025.2498377,Completed,,,,
"Huang, A. and H. Bao (2026)",2022,2026,UK,GBR,Black/African,Female,0.538,"Andrew H. Huang, Helen X. H. Bao","Good jobs, good tenants? Understanding racial and gender discrimination in the housing market",Housing Studies,10.1080/02673037.2025.2498377,Completed,,,,
"Huang, A. and H. Bao (2026)",2022,2026,UK,GBR,Asian,Female,1.083,"Andrew H. Huang, Helen X. H. Bao","Good jobs, good tenants? Understanding racial and gender discrimination in the housing market",Housing Studies,10.1080/02673037.2025.2498377,Completed,,,,
"Huang, A. and H. Bao (2026)",2022,2026,UK,GBR,Asian,Male,0.647,"Andrew H. Huang, Helen X. H. Bao","Good jobs, good tenants? Understanding racial and gender discrimination in the housing market",Housing Studies,10.1080/02673037.2025.2498377,Completed,,,,
"Huang, A. and H. Bao (2026)",2022,2026,UK,GBR,Black/African,Male,0.43,"Andrew H. Huang, Helen X. H. Bao","Good jobs, good tenants? Understanding racial and gender discrimination in the housing market",Housing Studies,10.1080/02673037.2025.2498377,Completed,,,,
"Huang, A. and H. Bao (2026)",2022,2026,UK,GBR,Asian,Male,0.959,"Andrew H. Huang, Helen X. H. Bao","Good jobs, good tenants? Understanding racial and gender discrimination in the housing market",Housing Studies,10.1080/02673037.2025.2498377,Completed,,,,
"Huang, A. and H. Bao (2026)",2022,2026,UK,GBR,Asian,Female,0.609,"Andrew H. Huang, Helen X. H. Bao","Good jobs, good tenants? Understanding racial and gender discrimination in the housing market",Housing Studies,10.1080/02673037.2025.2498377,Completed,,,,
"Huang, A. and H. Bao (2026)",2022,2026,UK,GBR,Black/African,Female,0.464,"Andrew H. Huang, Helen X. H. Bao","Good jobs, good tenants? Understanding racial and gender discrimination in the housing market",Housing Studies,10.1080/02673037.2025.2498377,Completed,,,,
"Huang, A. and H. Bao (2026)",2022,2026,UK,GBR,Asian,Female,0.886,"Andrew H. Huang, Helen X. H. Bao","Good jobs, good tenants? Understanding racial and gender discrimination in the housing market",Housing Studies,10.1080/02673037.2025.2498377,Completed,,,,
"Huang, A. and H. Bao (2026)",2022,2026,UK,GBR,Asian,Male,0.593,"Andrew H. Huang, Helen X. H. Bao","Good jobs, good tenants? Understanding racial and gender discrimination in the housing market",Housing Studies,10.1080/02673037.2025.2498377,Completed,,,,
"Huang, A. and H. Bao (2026)",2022,2026,UK,GBR,Black/African,Male,0.696,"Andrew H. Huang, Helen X. H. Bao","Good jobs, good tenants? Understanding racial and gender discrimination in the housing market",Housing Studies,10.1080/02673037.2025.2498377,Completed,,,,
"Huang, A. and H. Bao (2026)",2022,2026,UK,GBR,Asian,Male,0.817,"Andrew H. Huang, Helen X. H. Bao","Good jobs, good tenants? Understanding racial and gender discrimination in the housing market",Housing Studies,10.1080/02673037.2025.2498377,Completed,,,,
"Huang, A. and H. Bao (2026)",2022,2026,UK,GBR,Asian,Female,0.741,"Andrew H. Huang, Helen X. H. Bao","Good jobs, good tenants? Understanding racial and gender discrimination in the housing market",Housing Studies,10.1080/02673037.2025.2498377,Completed,,,,
"Huang, A. and H. Bao (2026)",2022,2026,UK,GBR,Black/African,Female,0.63,"Andrew H. Huang, Helen X. H. Bao","Good jobs, good tenants? Understanding racial and gender discrimination in the housing market",Housing Studies,10.1080/02673037.2025.2498377,Completed,,,,
"Huang, A. and H. Bao (2026)",2022,2026,UK,GBR,Asian,Female,0.711,"Andrew H. Huang, Helen X. H. Bao","Good jobs, good tenants? Understanding racial and gender discrimination in the housing market",Housing Studies,10.1080/02673037.2025.2498377,Completed,,,,
Malaysia,,,,,,,,"Wong Woei Chyuan, Khairul Zharif Zaharudin, Wei Haitian, Helen X. H. Bao",The ethnic architecture of housing-market matching: buyer–seller dyads and pricing in Malaysia's multi-ethnic sales market,,,On-going,5.0,100.4,2026-07-10,Malaysia
Singapore,,,,,,,,"Helen X. H. Bao, Nicholas Ying-Shuen Tan","Foreignness, Ethnicity, and Housing Discrimination: Evidence from Singapore",,,On-going,1.35,103.82,2026-05-16,Singapore
Kuala Lumpur,,,,,,,,"Hafizah Ismail, Helen X. H. Bao",Socio-Economic Discrimination in Malaysia's Rental Market: A Correspondence Experiment with Behavioural Intervention in WP Kuala Lumpur,,,On-going,3.14,101.69,2026-06-02,Kuala Lumpur
Tokyo,,,,,,,,"Jessica Alder, Sofie R. Waltl, Kate Konatsu Nishigai, Helen X. H. Bao",What's in a Name? Perceived Ethnic Discrimination in Tokyo's Rental Housing Market,,,On-going,35.68,139.69,2026-07-18,Tokyo
