function,trajectory,period,tenure,index,value,n,exemplars
Global financial capital,Growing,before,Sale,netflow,-0.5483,1,London
Global financial capital,Growing,before,Sale,leaving,0.3181,1,London
Global financial capital,Growing,before,Sale,openness,0.3767,1,London
Global financial capital,Growing,before,Sale,reach_km,123.8249,1,London
Global financial capital,Growing,before,Sale,hhi,0.0385,1,London
Global financial capital,Stable,before,Sale,netflow,,0,
Global financial capital,Stable,before,Sale,leaving,,0,
Global financial capital,Stable,before,Sale,openness,,0,
Global financial capital,Stable,before,Sale,reach_km,,0,
Global financial capital,Stable,before,Sale,hhi,,0,
Global financial capital,Declining,before,Sale,netflow,,0,
Global financial capital,Declining,before,Sale,leaving,,0,
Global financial capital,Declining,before,Sale,openness,,0,
Global financial capital,Declining,before,Sale,reach_km,,0,
Global financial capital,Declining,before,Sale,hhi,,0,
Devolved/administrative capital,Growing,before,Sale,netflow,-0.1822,1,Edinburgh
Devolved/administrative capital,Growing,before,Sale,leaving,0.405,1,Edinburgh
Devolved/administrative capital,Growing,before,Sale,openness,0.5354,1,Edinburgh
Devolved/administrative capital,Growing,before,Sale,reach_km,105.6434,1,Edinburgh
Devolved/administrative capital,Growing,before,Sale,hhi,0.1128,1,Edinburgh
Devolved/administrative capital,Stable,before,Sale,netflow,0.2113,1,Cardiff
Devolved/administrative capital,Stable,before,Sale,leaving,0.1897,1,Cardiff
Devolved/administrative capital,Stable,before,Sale,openness,0.3727,1,Cardiff
Devolved/administrative capital,Stable,before,Sale,reach_km,96.0182,1,Cardiff
Devolved/administrative capital,Stable,before,Sale,hhi,0.1069,1,Cardiff
Devolved/administrative capital,Declining,before,Sale,netflow,,0,
Devolved/administrative capital,Declining,before,Sale,leaving,,0,
Devolved/administrative capital,Declining,before,Sale,openness,,0,
Devolved/administrative capital,Declining,before,Sale,reach_km,,0,
Devolved/administrative capital,Declining,before,Sale,hhi,,0,
Regenerating core city,Growing,before,Sale,netflow,-0.0211,3,Manchester; Bristol
Regenerating core city,Growing,before,Sale,leaving,0.2452,3,Manchester; Bristol
Regenerating core city,Growing,before,Sale,openness,0.3962,3,Manchester; Bristol
Regenerating core city,Growing,before,Sale,reach_km,90.2203,3,Manchester; Bristol
Regenerating core city,Growing,before,Sale,hhi,0.0727,3,Manchester; Bristol
Regenerating core city,Stable,before,Sale,netflow,0.1055,6,Glasgow; Birmingham
Regenerating core city,Stable,before,Sale,leaving,0.2403,6,Glasgow; Birmingham
Regenerating core city,Stable,before,Sale,openness,0.4173,6,Glasgow; Birmingham
Regenerating core city,Stable,before,Sale,reach_km,81.2102,6,Glasgow; Birmingham
Regenerating core city,Stable,before,Sale,hhi,0.1357,6,Glasgow; Birmingham
Regenerating core city,Declining,before,Sale,netflow,-0.4424,2,Aberdeen; Dundee
Regenerating core city,Declining,before,Sale,leaving,0.6884,2,Aberdeen; Dundee
Regenerating core city,Declining,before,Sale,openness,0.7638,2,Aberdeen; Dundee
Regenerating core city,Declining,before,Sale,reach_km,211.4203,2,Aberdeen; Dundee
Regenerating core city,Declining,before,Sale,hhi,0.1111,2,Aberdeen; Dundee
Knowledge & professional-service hub,Growing,before,Sale,netflow,-0.043,24,Slough and Heathrow; Luton
Knowledge & professional-service hub,Growing,before,Sale,leaving,0.4908,24,Slough and Heathrow; Luton
Knowledge & professional-service hub,Growing,before,Sale,openness,0.653,24,Slough and Heathrow; Luton
Knowledge & professional-service hub,Growing,before,Sale,reach_km,106.9177,24,Slough and Heathrow; Luton
Knowledge & professional-service hub,Growing,before,Sale,hhi,0.0725,24,Slough and Heathrow; Luton
Knowledge & professional-service hub,Stable,before,Sale,netflow,-0.0056,9,Guildford and Aldershot; Southampton
Knowledge & professional-service hub,Stable,before,Sale,leaving,0.4583,9,Guildford and Aldershot; Southampton
Knowledge & professional-service hub,Stable,before,Sale,openness,0.6386,9,Guildford and Aldershot; Southampton
Knowledge & professional-service hub,Stable,before,Sale,reach_km,102.8326,9,Guildford and Aldershot; Southampton
Knowledge & professional-service hub,Stable,before,Sale,hhi,0.0671,9,Guildford and Aldershot; Southampton
Knowledge & professional-service hub,Declining,before,Sale,netflow,0.0221,4,Tunbridge Wells; York
Knowledge & professional-service hub,Declining,before,Sale,leaving,0.4901,4,Tunbridge Wells; York
Knowledge & professional-service hub,Declining,before,Sale,openness,0.6779,4,Tunbridge Wells; York
Knowledge & professional-service hub,Declining,before,Sale,reach_km,85.9317,4,Tunbridge Wells; York
Knowledge & professional-service hub,Declining,before,Sale,hhi,0.1311,4,Tunbridge Wells; York
Diversified medium-sized town,Growing,before,Sale,netflow,0.1413,6,Medway; Northampton
Diversified medium-sized town,Growing,before,Sale,leaving,0.4048,6,Medway; Northampton
Diversified medium-sized town,Growing,before,Sale,openness,0.6157,6,Medway; Northampton
Diversified medium-sized town,Growing,before,Sale,reach_km,113.7422,6,Medway; Northampton
Diversified medium-sized town,Growing,before,Sale,hhi,0.0626,6,Medway; Northampton
Diversified medium-sized town,Stable,before,Sale,netflow,0.2275,12,Southend; Warrington and Wigan
Diversified medium-sized town,Stable,before,Sale,leaving,0.3762,12,Southend; Warrington and Wigan
Diversified medium-sized town,Stable,before,Sale,openness,0.6246,12,Southend; Warrington and Wigan
Diversified medium-sized town,Stable,before,Sale,reach_km,123.5465,12,Southend; Warrington and Wigan
Diversified medium-sized town,Stable,before,Sale,hhi,0.0982,12,Southend; Warrington and Wigan
Diversified medium-sized town,Declining,before,Sale,netflow,0.1611,10,Portsmouth; Birkenhead
Diversified medium-sized town,Declining,before,Sale,leaving,0.3731,10,Portsmouth; Birkenhead
Diversified medium-sized town,Declining,before,Sale,openness,0.6064,10,Portsmouth; Birkenhead
Diversified medium-sized town,Declining,before,Sale,reach_km,108.8057,10,Portsmouth; Birkenhead
Diversified medium-sized town,Declining,before,Sale,hhi,0.1215,10,Portsmouth; Birkenhead
Manufacturing & post-industrial town,Growing,before,Sale,netflow,0.0667,13,Leicester; Coventry
Manufacturing & post-industrial town,Growing,before,Sale,leaving,0.3777,13,Leicester; Coventry
Manufacturing & post-industrial town,Growing,before,Sale,openness,0.5867,13,Leicester; Coventry
Manufacturing & post-industrial town,Growing,before,Sale,reach_km,87.4564,13,Leicester; Coventry
Manufacturing & post-industrial town,Growing,before,Sale,hhi,0.1052,13,Leicester; Coventry
Manufacturing & post-industrial town,Stable,before,Sale,netflow,0.1567,15,Wolverhampton and Walsall; Derby
Manufacturing & post-industrial town,Stable,before,Sale,leaving,0.3705,15,Wolverhampton and Walsall; Derby
Manufacturing & post-industrial town,Stable,before,Sale,openness,0.6009,15,Wolverhampton and Walsall; Derby
Manufacturing & post-industrial town,Stable,before,Sale,reach_km,96.8678,15,Wolverhampton and Walsall; Derby
Manufacturing & post-industrial town,Stable,before,Sale,hhi,0.0975,15,Wolverhampton and Walsall; Derby
Manufacturing & post-industrial town,Declining,before,Sale,netflow,0.271,15,Stoke-on-Trent; Durham and Bishop Auckland
Manufacturing & post-industrial town,Declining,before,Sale,leaving,0.3952,15,Stoke-on-Trent; Durham and Bishop Auckland
Manufacturing & post-industrial town,Declining,before,Sale,openness,0.6638,15,Stoke-on-Trent; Durham and Bishop Auckland
Manufacturing & post-industrial town,Declining,before,Sale,reach_km,105.3673,15,Stoke-on-Trent; Durham and Bishop Auckland
Manufacturing & post-industrial town,Declining,before,Sale,hhi,0.1077,15,Stoke-on-Trent; Durham and Bishop Auckland
Coastal / amenity & retirement,Growing,before,Sale,netflow,0.1451,2,Weston-super-Mare; Clacton
Coastal / amenity & retirement,Growing,before,Sale,leaving,0.486,2,Weston-super-Mare; Clacton
Coastal / amenity & retirement,Growing,before,Sale,openness,0.6927,2,Weston-super-Mare; Clacton
Coastal / amenity & retirement,Growing,before,Sale,reach_km,102.7754,2,Weston-super-Mare; Clacton
Coastal / amenity & retirement,Growing,before,Sale,hhi,0.1125,2,Weston-super-Mare; Clacton
Coastal / amenity & retirement,Stable,before,Sale,netflow,0.2143,6,Bournemouth; Eastbourne
Coastal / amenity & retirement,Stable,before,Sale,leaving,0.336,6,Bournemouth; Eastbourne
Coastal / amenity & retirement,Stable,before,Sale,openness,0.575,6,Bournemouth; Eastbourne
Coastal / amenity & retirement,Stable,before,Sale,reach_km,124.0348,6,Bournemouth; Eastbourne
Coastal / amenity & retirement,Stable,before,Sale,hhi,0.0977,6,Bournemouth; Eastbourne
Coastal / amenity & retirement,Declining,before,Sale,netflow,0.2416,4,Brighton; Hastings
Coastal / amenity & retirement,Declining,before,Sale,leaving,0.3932,4,Brighton; Hastings
Coastal / amenity & retirement,Declining,before,Sale,openness,0.6381,4,Brighton; Hastings
Coastal / amenity & retirement,Declining,before,Sale,reach_km,120.9866,4,Brighton; Hastings
Coastal / amenity & retirement,Declining,before,Sale,hhi,0.1107,4,Brighton; Hastings
Mixed / smaller towns (function unclassified),Growing,before,Sale,netflow,,0,
Mixed / smaller towns (function unclassified),Growing,before,Sale,leaving,,0,
Mixed / smaller towns (function unclassified),Growing,before,Sale,openness,,0,
Mixed / smaller towns (function unclassified),Growing,before,Sale,reach_km,,0,
Mixed / smaller towns (function unclassified),Growing,before,Sale,hhi,,0,
Mixed / smaller towns (function unclassified),Stable,before,Sale,netflow,-0.0208,1,Livingston
Mixed / smaller towns (function unclassified),Stable,before,Sale,leaving,0.4382,1,Livingston
Mixed / smaller towns (function unclassified),Stable,before,Sale,openness,0.6052,1,Livingston
Mixed / smaller towns (function unclassified),Stable,before,Sale,reach_km,70.1123,1,Livingston
Mixed / smaller towns (function unclassified),Stable,before,Sale,hhi,0.1454,1,Livingston
Mixed / smaller towns (function unclassified),Declining,before,Sale,netflow,0.164,15,Motherwell and Airdrie; Falkirk and Stirling
Mixed / smaller towns (function unclassified),Declining,before,Sale,leaving,0.3894,15,Motherwell and Airdrie; Falkirk and Stirling
Mixed / smaller towns (function unclassified),Declining,before,Sale,openness,0.6186,15,Motherwell and Airdrie; Falkirk and Stirling
Mixed / smaller towns (function unclassified),Declining,before,Sale,reach_km,102.0775,15,Motherwell and Airdrie; Falkirk and Stirling
Mixed / smaller towns (function unclassified),Declining,before,Sale,hhi,0.2809,15,Motherwell and Airdrie; Falkirk and Stirling
Global financial capital,Growing,during,Sale,netflow,-0.6431,1,London
Global financial capital,Growing,during,Sale,leaving,0.3592,1,London
Global financial capital,Growing,during,Sale,openness,0.4063,1,London
Global financial capital,Growing,during,Sale,reach_km,121.5032,1,London
Global financial capital,Growing,during,Sale,hhi,0.0366,1,London
Global financial capital,Stable,during,Sale,netflow,,0,
Global financial capital,Stable,during,Sale,leaving,,0,
Global financial capital,Stable,during,Sale,openness,,0,
Global financial capital,Stable,during,Sale,reach_km,,0,
Global financial capital,Stable,during,Sale,hhi,,0,
Global financial capital,Declining,during,Sale,netflow,,0,
Global financial capital,Declining,during,Sale,leaving,,0,
Global financial capital,Declining,during,Sale,openness,,0,
Global financial capital,Declining,during,Sale,reach_km,,0,
Global financial capital,Declining,during,Sale,hhi,,0,
Devolved/administrative capital,Growing,during,Sale,netflow,-0.3549,1,Edinburgh
Devolved/administrative capital,Growing,during,Sale,leaving,0.4626,1,Edinburgh
Devolved/administrative capital,Growing,during,Sale,openness,0.5598,1,Edinburgh
Devolved/administrative capital,Growing,during,Sale,reach_km,99.9497,1,Edinburgh
Devolved/administrative capital,Growing,during,Sale,hhi,0.1124,1,Edinburgh
Devolved/administrative capital,Stable,during,Sale,netflow,0.1119,1,Cardiff
Devolved/administrative capital,Stable,during,Sale,leaving,0.2054,1,Cardiff
Devolved/administrative capital,Stable,during,Sale,openness,0.3679,1,Cardiff
Devolved/administrative capital,Stable,during,Sale,reach_km,83.8726,1,Cardiff
Devolved/administrative capital,Stable,during,Sale,hhi,0.1097,1,Cardiff
Devolved/administrative capital,Declining,during,Sale,netflow,,0,
Devolved/administrative capital,Declining,during,Sale,leaving,,0,
Devolved/administrative capital,Declining,during,Sale,openness,,0,
Devolved/administrative capital,Declining,during,Sale,reach_km,,0,
Devolved/administrative capital,Declining,during,Sale,hhi,,0,
Regenerating core city,Growing,during,Sale,netflow,-0.1746,3,Manchester; Bristol
Regenerating core city,Growing,during,Sale,leaving,0.2649,3,Manchester; Bristol
Regenerating core city,Growing,during,Sale,openness,0.389,3,Manchester; Bristol
Regenerating core city,Growing,during,Sale,reach_km,78.2172,3,Manchester; Bristol
Regenerating core city,Growing,during,Sale,hhi,0.0858,3,Manchester; Bristol
Regenerating core city,Stable,during,Sale,netflow,0.0245,6,Glasgow; Birmingham
Regenerating core city,Stable,during,Sale,leaving,0.2602,6,Glasgow; Birmingham
Regenerating core city,Stable,during,Sale,openness,0.4215,6,Glasgow; Birmingham
Regenerating core city,Stable,during,Sale,reach_km,71.9889,6,Glasgow; Birmingham
Regenerating core city,Stable,during,Sale,hhi,0.1565,6,Glasgow; Birmingham
Regenerating core city,Declining,during,Sale,netflow,-0.2724,2,Aberdeen; Dundee
Regenerating core city,Declining,during,Sale,leaving,0.6133,2,Aberdeen; Dundee
Regenerating core city,Declining,during,Sale,openness,0.7206,2,Aberdeen; Dundee
Regenerating core city,Declining,during,Sale,reach_km,204.4651,2,Aberdeen; Dundee
Regenerating core city,Declining,during,Sale,hhi,0.1058,2,Aberdeen; Dundee
Knowledge & professional-service hub,Growing,during,Sale,netflow,-0.0031,24,Slough and Heathrow; Luton
Knowledge & professional-service hub,Growing,during,Sale,leaving,0.4813,24,Slough and Heathrow; Luton
Knowledge & professional-service hub,Growing,during,Sale,openness,0.6542,24,Slough and Heathrow; Luton
Knowledge & professional-service hub,Growing,during,Sale,reach_km,104.7345,24,Slough and Heathrow; Luton
Knowledge & professional-service hub,Growing,during,Sale,hhi,0.0685,24,Slough and Heathrow; Luton
Knowledge & professional-service hub,Stable,during,Sale,netflow,0.0437,9,Guildford and Aldershot; Southampton
Knowledge & professional-service hub,Stable,during,Sale,leaving,0.4481,9,Guildford and Aldershot; Southampton
Knowledge & professional-service hub,Stable,during,Sale,openness,0.6406,9,Guildford and Aldershot; Southampton
Knowledge & professional-service hub,Stable,during,Sale,reach_km,101.4327,9,Guildford and Aldershot; Southampton
Knowledge & professional-service hub,Stable,during,Sale,hhi,0.0719,9,Guildford and Aldershot; Southampton
Knowledge & professional-service hub,Declining,during,Sale,netflow,0.0391,4,Tunbridge Wells; York
Knowledge & professional-service hub,Declining,during,Sale,leaving,0.4855,4,Tunbridge Wells; York
Knowledge & professional-service hub,Declining,during,Sale,openness,0.6805,4,Tunbridge Wells; York
Knowledge & professional-service hub,Declining,during,Sale,reach_km,78.7489,4,Tunbridge Wells; York
Knowledge & professional-service hub,Declining,during,Sale,hhi,0.1444,4,Tunbridge Wells; York
Diversified medium-sized town,Growing,during,Sale,netflow,0.1694,6,Medway; Northampton
Diversified medium-sized town,Growing,during,Sale,leaving,0.3785,6,Medway; Northampton
Diversified medium-sized town,Growing,during,Sale,openness,0.597,6,Medway; Northampton
Diversified medium-sized town,Growing,during,Sale,reach_km,110.2145,6,Medway; Northampton
Diversified medium-sized town,Growing,during,Sale,hhi,0.0727,6,Medway; Northampton
Diversified medium-sized town,Stable,during,Sale,netflow,0.2475,12,Warrington and Wigan; Southend
Diversified medium-sized town,Stable,during,Sale,leaving,0.36,12,Warrington and Wigan; Southend
Diversified medium-sized town,Stable,during,Sale,openness,0.6089,12,Warrington and Wigan; Southend
Diversified medium-sized town,Stable,during,Sale,reach_km,110.9552,12,Warrington and Wigan; Southend
Diversified medium-sized town,Stable,during,Sale,hhi,0.1072,12,Warrington and Wigan; Southend
Diversified medium-sized town,Declining,during,Sale,netflow,0.1961,10,Portsmouth; Birkenhead
Diversified medium-sized town,Declining,during,Sale,leaving,0.3538,10,Portsmouth; Birkenhead
Diversified medium-sized town,Declining,during,Sale,openness,0.596,10,Portsmouth; Birkenhead
Diversified medium-sized town,Declining,during,Sale,reach_km,99.9014,10,Portsmouth; Birkenhead
Diversified medium-sized town,Declining,during,Sale,hhi,0.143,10,Portsmouth; Birkenhead
Manufacturing & post-industrial town,Growing,during,Sale,netflow,0.0492,13,Leicester; Dudley
Manufacturing & post-industrial town,Growing,during,Sale,leaving,0.3672,13,Leicester; Dudley
Manufacturing & post-industrial town,Growing,during,Sale,openness,0.5739,13,Leicester; Dudley
Manufacturing & post-industrial town,Growing,during,Sale,reach_km,80.683,13,Leicester; Dudley
Manufacturing & post-industrial town,Growing,during,Sale,hhi,0.1157,13,Leicester; Dudley
Manufacturing & post-industrial town,Stable,during,Sale,netflow,0.1929,15,Wolverhampton and Walsall; Bradford
Manufacturing & post-industrial town,Stable,during,Sale,leaving,0.3397,15,Wolverhampton and Walsall; Bradford
Manufacturing & post-industrial town,Stable,during,Sale,openness,0.5782,15,Wolverhampton and Walsall; Bradford
Manufacturing & post-industrial town,Stable,during,Sale,reach_km,82.3267,15,Wolverhampton and Walsall; Bradford
Manufacturing & post-industrial town,Stable,during,Sale,hhi,0.1063,15,Wolverhampton and Walsall; Bradford
Manufacturing & post-industrial town,Declining,during,Sale,netflow,0.3083,15,Stoke-on-Trent; Durham and Bishop Auckland
Manufacturing & post-industrial town,Declining,during,Sale,leaving,0.3613,15,Stoke-on-Trent; Durham and Bishop Auckland
Manufacturing & post-industrial town,Declining,during,Sale,openness,0.642,15,Stoke-on-Trent; Durham and Bishop Auckland
Manufacturing & post-industrial town,Declining,during,Sale,reach_km,91.1127,15,Stoke-on-Trent; Durham and Bishop Auckland
Manufacturing & post-industrial town,Declining,during,Sale,hhi,0.1301,15,Stoke-on-Trent; Durham and Bishop Auckland
Coastal / amenity & retirement,Growing,during,Sale,netflow,0.1701,2,Weston-super-Mare; Clacton
Coastal / amenity & retirement,Growing,during,Sale,leaving,0.4701,2,Weston-super-Mare; Clacton
Coastal / amenity & retirement,Growing,during,Sale,openness,0.6848,2,Weston-super-Mare; Clacton
Coastal / amenity & retirement,Growing,during,Sale,reach_km,99.3343,2,Weston-super-Mare; Clacton
Coastal / amenity & retirement,Growing,during,Sale,hhi,0.1137,2,Weston-super-Mare; Clacton
Coastal / amenity & retirement,Stable,during,Sale,netflow,0.2848,6,Bournemouth; Blackpool
Coastal / amenity & retirement,Stable,during,Sale,leaving,0.3284,6,Bournemouth; Blackpool
Coastal / amenity & retirement,Stable,during,Sale,openness,0.5872,6,Bournemouth; Blackpool
Coastal / amenity & retirement,Stable,during,Sale,reach_km,115.6676,6,Bournemouth; Blackpool
Coastal / amenity & retirement,Stable,during,Sale,hhi,0.1167,6,Bournemouth; Blackpool
Coastal / amenity & retirement,Declining,during,Sale,netflow,0.2392,4,Brighton; Hastings
Coastal / amenity & retirement,Declining,during,Sale,leaving,0.3771,4,Brighton; Hastings
Coastal / amenity & retirement,Declining,during,Sale,openness,0.6184,4,Brighton; Hastings
Coastal / amenity & retirement,Declining,during,Sale,reach_km,111.4019,4,Brighton; Hastings
Coastal / amenity & retirement,Declining,during,Sale,hhi,0.1269,4,Brighton; Hastings
Mixed / smaller towns (function unclassified),Growing,during,Sale,netflow,,0,
Mixed / smaller towns (function unclassified),Growing,during,Sale,leaving,,0,
Mixed / smaller towns (function unclassified),Growing,during,Sale,openness,,0,
Mixed / smaller towns (function unclassified),Growing,during,Sale,reach_km,,0,
Mixed / smaller towns (function unclassified),Growing,during,Sale,hhi,,0,
Mixed / smaller towns (function unclassified),Stable,during,Sale,netflow,-0.0972,1,Livingston
Mixed / smaller towns (function unclassified),Stable,during,Sale,leaving,0.5137,1,Livingston
Mixed / smaller towns (function unclassified),Stable,during,Sale,openness,0.6582,1,Livingston
Mixed / smaller towns (function unclassified),Stable,during,Sale,reach_km,60.6148,1,Livingston
Mixed / smaller towns (function unclassified),Stable,during,Sale,hhi,0.161,1,Livingston
Mixed / smaller towns (function unclassified),Declining,during,Sale,netflow,0.2238,15,Motherwell and Airdrie; Falkirk and Stirling
Mixed / smaller towns (function unclassified),Declining,during,Sale,leaving,0.3838,15,Motherwell and Airdrie; Falkirk and Stirling
Mixed / smaller towns (function unclassified),Declining,during,Sale,openness,0.628,15,Motherwell and Airdrie; Falkirk and Stirling
Mixed / smaller towns (function unclassified),Declining,during,Sale,reach_km,89.4748,15,Motherwell and Airdrie; Falkirk and Stirling
Mixed / smaller towns (function unclassified),Declining,during,Sale,hhi,0.2746,15,Motherwell and Airdrie; Falkirk and Stirling
Global financial capital,Growing,after,Sale,netflow,-0.5303,1,London
Global financial capital,Growing,after,Sale,leaving,0.3084,1,London
Global financial capital,Growing,after,Sale,openness,0.3697,1,London
Global financial capital,Growing,after,Sale,reach_km,126.4003,1,London
Global financial capital,Growing,after,Sale,hhi,0.0396,1,London
Global financial capital,Stable,after,Sale,netflow,,0,
Global financial capital,Stable,after,Sale,leaving,,0,
Global financial capital,Stable,after,Sale,openness,,0,
Global financial capital,Stable,after,Sale,reach_km,,0,
Global financial capital,Stable,after,Sale,hhi,,0,
Global financial capital,Declining,after,Sale,netflow,,0,
Global financial capital,Declining,after,Sale,leaving,,0,
Global financial capital,Declining,after,Sale,openness,,0,
Global financial capital,Declining,after,Sale,reach_km,,0,
Global financial capital,Declining,after,Sale,hhi,,0,
Devolved/administrative capital,Growing,after,Sale,netflow,-0.2293,1,Edinburgh
Devolved/administrative capital,Growing,after,Sale,leaving,0.4005,1,Edinburgh
Devolved/administrative capital,Growing,after,Sale,openness,0.5224,1,Edinburgh
Devolved/administrative capital,Growing,after,Sale,reach_km,103.792,1,Edinburgh
Devolved/administrative capital,Growing,after,Sale,hhi,0.1259,1,Edinburgh
Devolved/administrative capital,Stable,after,Sale,netflow,0.0976,1,Cardiff
Devolved/administrative capital,Stable,after,Sale,leaving,0.2033,1,Cardiff
Devolved/administrative capital,Stable,after,Sale,openness,0.3619,1,Cardiff
Devolved/administrative capital,Stable,after,Sale,reach_km,89.0543,1,Cardiff
Devolved/administrative capital,Stable,after,Sale,hhi,0.1102,1,Cardiff
Devolved/administrative capital,Declining,after,Sale,netflow,,0,
Devolved/administrative capital,Declining,after,Sale,leaving,,0,
Devolved/administrative capital,Declining,after,Sale,openness,,0,
Devolved/administrative capital,Declining,after,Sale,reach_km,,0,
Devolved/administrative capital,Declining,after,Sale,hhi,,0,
Regenerating core city,Growing,after,Sale,netflow,-0.1667,3,Manchester; Bristol
Regenerating core city,Growing,after,Sale,leaving,0.251,3,Manchester; Bristol
Regenerating core city,Growing,after,Sale,openness,0.375,3,Manchester; Bristol
Regenerating core city,Growing,after,Sale,reach_km,77.283,3,Manchester; Bristol
Regenerating core city,Growing,after,Sale,hhi,0.0897,3,Manchester; Bristol
Regenerating core city,Stable,after,Sale,netflow,0.0686,6,Glasgow; Birmingham
Regenerating core city,Stable,after,Sale,leaving,0.2376,6,Glasgow; Birmingham
Regenerating core city,Stable,after,Sale,openness,0.403,6,Glasgow; Birmingham
Regenerating core city,Stable,after,Sale,reach_km,71.1835,6,Glasgow; Birmingham
Regenerating core city,Stable,after,Sale,hhi,0.1567,6,Glasgow; Birmingham
Regenerating core city,Declining,after,Sale,netflow,-0.1818,2,Aberdeen; Dundee
Regenerating core city,Declining,after,Sale,leaving,0.589,2,Aberdeen; Dundee
Regenerating core city,Declining,after,Sale,openness,0.7141,2,Aberdeen; Dundee
Regenerating core city,Declining,after,Sale,reach_km,185.8881,2,Aberdeen; Dundee
Regenerating core city,Declining,after,Sale,hhi,0.1292,2,Aberdeen; Dundee
Knowledge & professional-service hub,Growing,after,Sale,netflow,-0.0155,24,Slough and Heathrow; Luton
Knowledge & professional-service hub,Growing,after,Sale,leaving,0.4557,24,Slough and Heathrow; Luton
Knowledge & professional-service hub,Growing,after,Sale,openness,0.6289,24,Slough and Heathrow; Luton
Knowledge & professional-service hub,Growing,after,Sale,reach_km,100.7078,24,Slough and Heathrow; Luton
Knowledge & professional-service hub,Growing,after,Sale,hhi,0.0816,24,Slough and Heathrow; Luton
Knowledge & professional-service hub,Stable,after,Sale,netflow,0.0512,9,Guildford and Aldershot; Southampton
Knowledge & professional-service hub,Stable,after,Sale,leaving,0.4216,9,Guildford and Aldershot; Southampton
Knowledge & professional-service hub,Stable,after,Sale,openness,0.6191,9,Guildford and Aldershot; Southampton
Knowledge & professional-service hub,Stable,after,Sale,reach_km,98.3919,9,Guildford and Aldershot; Southampton
Knowledge & professional-service hub,Stable,after,Sale,hhi,0.0788,9,Guildford and Aldershot; Southampton
Knowledge & professional-service hub,Declining,after,Sale,netflow,0.0454,4,Tunbridge Wells; York
Knowledge & professional-service hub,Declining,after,Sale,leaving,0.4618,4,Tunbridge Wells; York
Knowledge & professional-service hub,Declining,after,Sale,openness,0.655,4,Tunbridge Wells; York
Knowledge & professional-service hub,Declining,after,Sale,reach_km,78.2306,4,Tunbridge Wells; York
Knowledge & professional-service hub,Declining,after,Sale,hhi,0.149,4,Tunbridge Wells; York
Diversified medium-sized town,Growing,after,Sale,netflow,0.1496,6,Medway; Northampton
Diversified medium-sized town,Growing,after,Sale,leaving,0.3637,6,Medway; Northampton
Diversified medium-sized town,Growing,after,Sale,openness,0.5758,6,Medway; Northampton
Diversified medium-sized town,Growing,after,Sale,reach_km,106.1995,6,Medway; Northampton
Diversified medium-sized town,Growing,after,Sale,hhi,0.0771,6,Medway; Northampton
Diversified medium-sized town,Stable,after,Sale,netflow,0.1972,12,Warrington and Wigan; Southend
Diversified medium-sized town,Stable,after,Sale,leaving,0.3428,12,Warrington and Wigan; Southend
Diversified medium-sized town,Stable,after,Sale,openness,0.5753,12,Warrington and Wigan; Southend
Diversified medium-sized town,Stable,after,Sale,reach_km,107.8436,12,Warrington and Wigan; Southend
Diversified medium-sized town,Stable,after,Sale,hhi,0.1193,12,Warrington and Wigan; Southend
Diversified medium-sized town,Declining,after,Sale,netflow,0.1529,10,Portsmouth; Birkenhead
Diversified medium-sized town,Declining,after,Sale,leaving,0.3458,10,Portsmouth; Birkenhead
Diversified medium-sized town,Declining,after,Sale,openness,0.5729,10,Portsmouth; Birkenhead
Diversified medium-sized town,Declining,after,Sale,reach_km,97.7712,10,Portsmouth; Birkenhead
Diversified medium-sized town,Declining,after,Sale,hhi,0.154,10,Portsmouth; Birkenhead
Manufacturing & post-industrial town,Growing,after,Sale,netflow,0.0338,13,Leicester; Coventry
Manufacturing & post-industrial town,Growing,after,Sale,leaving,0.3688,13,Leicester; Coventry
Manufacturing & post-industrial town,Growing,after,Sale,openness,0.5713,13,Leicester; Coventry
Manufacturing & post-industrial town,Growing,after,Sale,reach_km,79.4828,13,Leicester; Coventry
Manufacturing & post-industrial town,Growing,after,Sale,hhi,0.1148,13,Leicester; Coventry
Manufacturing & post-industrial town,Stable,after,Sale,netflow,0.1565,15,Wolverhampton and Walsall; Bradford
Manufacturing & post-industrial town,Stable,after,Sale,leaving,0.3367,15,Wolverhampton and Walsall; Bradford
Manufacturing & post-industrial town,Stable,after,Sale,openness,0.563,15,Wolverhampton and Walsall; Bradford
Manufacturing & post-industrial town,Stable,after,Sale,reach_km,80.4255,15,Wolverhampton and Walsall; Bradford
Manufacturing & post-industrial town,Stable,after,Sale,hhi,0.1096,15,Wolverhampton and Walsall; Bradford
Manufacturing & post-industrial town,Declining,after,Sale,netflow,0.2629,15,Stoke-on-Trent; Durham and Bishop Auckland
Manufacturing & post-industrial town,Declining,after,Sale,leaving,0.3565,15,Stoke-on-Trent; Durham and Bishop Auckland
Manufacturing & post-industrial town,Declining,after,Sale,openness,0.6178,15,Stoke-on-Trent; Durham and Bishop Auckland
Manufacturing & post-industrial town,Declining,after,Sale,reach_km,92.1234,15,Stoke-on-Trent; Durham and Bishop Auckland
Manufacturing & post-industrial town,Declining,after,Sale,hhi,0.1282,15,Stoke-on-Trent; Durham and Bishop Auckland
Coastal / amenity & retirement,Growing,after,Sale,netflow,0.1537,2,Weston-super-Mare; Clacton
Coastal / amenity & retirement,Growing,after,Sale,leaving,0.4444,2,Weston-super-Mare; Clacton
Coastal / amenity & retirement,Growing,after,Sale,openness,0.659,2,Weston-super-Mare; Clacton
Coastal / amenity & retirement,Growing,after,Sale,reach_km,94.2502,2,Weston-super-Mare; Clacton
Coastal / amenity & retirement,Growing,after,Sale,hhi,0.1368,2,Weston-super-Mare; Clacton
Coastal / amenity & retirement,Stable,after,Sale,netflow,0.2395,6,Bournemouth; Blackpool
Coastal / amenity & retirement,Stable,after,Sale,leaving,0.3189,6,Bournemouth; Blackpool
Coastal / amenity & retirement,Stable,after,Sale,openness,0.5639,6,Bournemouth; Blackpool
Coastal / amenity & retirement,Stable,after,Sale,reach_km,113.5142,6,Bournemouth; Blackpool
Coastal / amenity & retirement,Stable,after,Sale,hhi,0.1231,6,Bournemouth; Blackpool
Coastal / amenity & retirement,Declining,after,Sale,netflow,0.1372,4,Brighton; Hastings
Coastal / amenity & retirement,Declining,after,Sale,leaving,0.366,4,Brighton; Hastings
Coastal / amenity & retirement,Declining,after,Sale,openness,0.5781,4,Brighton; Hastings
Coastal / amenity & retirement,Declining,after,Sale,reach_km,108.3404,4,Brighton; Hastings
Coastal / amenity & retirement,Declining,after,Sale,hhi,0.1276,4,Brighton; Hastings
Mixed / smaller towns (function unclassified),Growing,after,Sale,netflow,,0,
Mixed / smaller towns (function unclassified),Growing,after,Sale,leaving,,0,
Mixed / smaller towns (function unclassified),Growing,after,Sale,openness,,0,
Mixed / smaller towns (function unclassified),Growing,after,Sale,reach_km,,0,
Mixed / smaller towns (function unclassified),Growing,after,Sale,hhi,,0,
Mixed / smaller towns (function unclassified),Stable,after,Sale,netflow,-0.1064,1,Livingston
Mixed / smaller towns (function unclassified),Stable,after,Sale,leaving,0.5376,1,Livingston
Mixed / smaller towns (function unclassified),Stable,after,Sale,openness,0.6776,1,Livingston
Mixed / smaller towns (function unclassified),Stable,after,Sale,reach_km,58.68,1,Livingston
Mixed / smaller towns (function unclassified),Stable,after,Sale,hhi,0.161,1,Livingston
Mixed / smaller towns (function unclassified),Declining,after,Sale,netflow,0.1371,15,Motherwell and Airdrie; Falkirk and Stirling
Mixed / smaller towns (function unclassified),Declining,after,Sale,leaving,0.4187,15,Motherwell and Airdrie; Falkirk and Stirling
Mixed / smaller towns (function unclassified),Declining,after,Sale,openness,0.6342,15,Motherwell and Airdrie; Falkirk and Stirling
Mixed / smaller towns (function unclassified),Declining,after,Sale,reach_km,81.1536,15,Motherwell and Airdrie; Falkirk and Stirling
Mixed / smaller towns (function unclassified),Declining,after,Sale,hhi,0.3043,15,Motherwell and Airdrie; Falkirk and Stirling
Global financial capital,Growing,before,Rent,netflow,-0.0402,1,London
Global financial capital,Growing,before,Rent,leaving,0.1549,1,London
Global financial capital,Growing,before,Rent,openness,0.2613,1,London
Global financial capital,Growing,before,Rent,reach_km,119.8571,1,London
Global financial capital,Growing,before,Rent,hhi,0.0615,1,London
Global financial capital,Stable,before,Rent,netflow,,0,
Global financial capital,Stable,before,Rent,leaving,,0,
Global financial capital,Stable,before,Rent,openness,,0,
Global financial capital,Stable,before,Rent,reach_km,,0,
Global financial capital,Stable,before,Rent,hhi,,0,
Global financial capital,Declining,before,Rent,netflow,,0,
Global financial capital,Declining,before,Rent,leaving,,0,
Global financial capital,Declining,before,Rent,openness,,0,
Global financial capital,Declining,before,Rent,reach_km,,0,
Global financial capital,Declining,before,Rent,hhi,,0,
Devolved/administrative capital,Growing,before,Rent,netflow,0.1301,1,Edinburgh
Devolved/administrative capital,Growing,before,Rent,leaving,0.2373,1,Edinburgh
Devolved/administrative capital,Growing,before,Rent,openness,0.4184,1,Edinburgh
Devolved/administrative capital,Growing,before,Rent,reach_km,241.9404,1,Edinburgh
Devolved/administrative capital,Growing,before,Rent,hhi,0.1088,1,Edinburgh
Devolved/administrative capital,Stable,before,Rent,netflow,0.0747,1,Cardiff
Devolved/administrative capital,Stable,before,Rent,leaving,0.2272,1,Cardiff
Devolved/administrative capital,Stable,before,Rent,openness,0.389,1,Cardiff
Devolved/administrative capital,Stable,before,Rent,reach_km,127.7893,1,Cardiff
Devolved/administrative capital,Stable,before,Rent,hhi,0.076,1,Cardiff
Devolved/administrative capital,Declining,before,Rent,netflow,,0,
Devolved/administrative capital,Declining,before,Rent,leaving,,0,
Devolved/administrative capital,Declining,before,Rent,openness,,0,
Devolved/administrative capital,Declining,before,Rent,reach_km,,0,
Devolved/administrative capital,Declining,before,Rent,hhi,,0,
Regenerating core city,Growing,before,Rent,netflow,0.2058,3,Manchester; Bristol
Regenerating core city,Growing,before,Rent,leaving,0.1898,3,Manchester; Bristol
Regenerating core city,Growing,before,Rent,openness,0.3804,3,Manchester; Bristol
Regenerating core city,Growing,before,Rent,reach_km,116.513,3,Manchester; Bristol
Regenerating core city,Growing,before,Rent,hhi,0.0619,3,Manchester; Bristol
Regenerating core city,Stable,before,Rent,netflow,0.1293,6,Birmingham; Glasgow
Regenerating core city,Stable,before,Rent,leaving,0.2302,6,Birmingham; Glasgow
Regenerating core city,Stable,before,Rent,openness,0.412,6,Birmingham; Glasgow
Regenerating core city,Stable,before,Rent,reach_km,122.885,6,Birmingham; Glasgow
Regenerating core city,Stable,before,Rent,hhi,0.0858,6,Birmingham; Glasgow
Regenerating core city,Declining,before,Rent,netflow,-0.2504,2,Aberdeen; Dundee
Regenerating core city,Declining,before,Rent,leaving,0.3954,2,Aberdeen; Dundee
Regenerating core city,Declining,before,Rent,openness,0.5166,2,Aberdeen; Dundee
Regenerating core city,Declining,before,Rent,reach_km,294.9639,2,Aberdeen; Dundee
Regenerating core city,Declining,before,Rent,hhi,0.0915,2,Aberdeen; Dundee
Knowledge & professional-service hub,Growing,before,Rent,netflow,-0.0081,24,Slough and Heathrow; Cambridge
Knowledge & professional-service hub,Growing,before,Rent,leaving,0.4209,24,Slough and Heathrow; Cambridge
Knowledge & professional-service hub,Growing,before,Rent,openness,0.5966,24,Slough and Heathrow; Cambridge
Knowledge & professional-service hub,Growing,before,Rent,reach_km,91.8149,24,Slough and Heathrow; Cambridge
Knowledge & professional-service hub,Growing,before,Rent,hhi,0.1504,24,Slough and Heathrow; Cambridge
Knowledge & professional-service hub,Stable,before,Rent,netflow,-0.0344,9,Southampton; Guildford and Aldershot
Knowledge & professional-service hub,Stable,before,Rent,leaving,0.3907,9,Southampton; Guildford and Aldershot
Knowledge & professional-service hub,Stable,before,Rent,openness,0.5621,9,Southampton; Guildford and Aldershot
Knowledge & professional-service hub,Stable,before,Rent,reach_km,89.2561,9,Southampton; Guildford and Aldershot
Knowledge & professional-service hub,Stable,before,Rent,hhi,0.0986,9,Southampton; Guildford and Aldershot
Knowledge & professional-service hub,Declining,before,Rent,netflow,0.052,4,York; Tunbridge Wells
Knowledge & professional-service hub,Declining,before,Rent,leaving,0.4211,4,York; Tunbridge Wells
Knowledge & professional-service hub,Declining,before,Rent,openness,0.6206,4,York; Tunbridge Wells
Knowledge & professional-service hub,Declining,before,Rent,reach_km,88.2656,4,York; Tunbridge Wells
Knowledge & professional-service hub,Declining,before,Rent,hhi,0.1347,4,York; Tunbridge Wells
Diversified medium-sized town,Growing,before,Rent,netflow,-0.0241,6,Medway; Lincoln
Diversified medium-sized town,Growing,before,Rent,leaving,0.3675,6,Medway; Lincoln
Diversified medium-sized town,Growing,before,Rent,openness,0.5338,6,Medway; Lincoln
Diversified medium-sized town,Growing,before,Rent,reach_km,96.4705,6,Medway; Lincoln
Diversified medium-sized town,Growing,before,Rent,hhi,0.0911,6,Medway; Lincoln
Diversified medium-sized town,Stable,before,Rent,netflow,0.0118,12,Warrington and Wigan; Southend
Diversified medium-sized town,Stable,before,Rent,leaving,0.3444,12,Warrington and Wigan; Southend
Diversified medium-sized town,Stable,before,Rent,openness,0.5265,12,Warrington and Wigan; Southend
Diversified medium-sized town,Stable,before,Rent,reach_km,110.2627,12,Warrington and Wigan; Southend
Diversified medium-sized town,Stable,before,Rent,hhi,0.1281,12,Warrington and Wigan; Southend
Diversified medium-sized town,Declining,before,Rent,netflow,-0.0926,10,Portsmouth; Birkenhead
Diversified medium-sized town,Declining,before,Rent,leaving,0.3422,10,Portsmouth; Birkenhead
Diversified medium-sized town,Declining,before,Rent,openness,0.5143,10,Portsmouth; Birkenhead
Diversified medium-sized town,Declining,before,Rent,reach_km,105.8483,10,Portsmouth; Birkenhead
Diversified medium-sized town,Declining,before,Rent,hhi,0.1269,10,Portsmouth; Birkenhead
Manufacturing & post-industrial town,Growing,before,Rent,netflow,-0.0412,13,Leicester; Coventry
Manufacturing & post-industrial town,Growing,before,Rent,leaving,0.3654,13,Leicester; Coventry
Manufacturing & post-industrial town,Growing,before,Rent,openness,0.5411,13,Leicester; Coventry
Manufacturing & post-industrial town,Growing,before,Rent,reach_km,84.8491,13,Leicester; Coventry
Manufacturing & post-industrial town,Growing,before,Rent,hhi,0.1044,13,Leicester; Coventry
Manufacturing & post-industrial town,Stable,before,Rent,netflow,-0.0448,15,Wolverhampton and Walsall; Bradford
Manufacturing & post-industrial town,Stable,before,Rent,leaving,0.358,15,Wolverhampton and Walsall; Bradford
Manufacturing & post-industrial town,Stable,before,Rent,openness,0.5322,15,Wolverhampton and Walsall; Bradford
Manufacturing & post-industrial town,Stable,before,Rent,reach_km,97.5705,15,Wolverhampton and Walsall; Bradford
Manufacturing & post-industrial town,Stable,before,Rent,hhi,0.0974,15,Wolverhampton and Walsall; Bradford
Manufacturing & post-industrial town,Declining,before,Rent,netflow,-0.1658,15,Durham and Bishop Auckland; Stoke-on-Trent
Manufacturing & post-industrial town,Declining,before,Rent,leaving,0.4199,15,Durham and Bishop Auckland; Stoke-on-Trent
Manufacturing & post-industrial town,Declining,before,Rent,openness,0.5761,15,Durham and Bishop Auckland; Stoke-on-Trent
Manufacturing & post-industrial town,Declining,before,Rent,reach_km,111.5275,15,Durham and Bishop Auckland; Stoke-on-Trent
Manufacturing & post-industrial town,Declining,before,Rent,hhi,0.102,15,Durham and Bishop Auckland; Stoke-on-Trent
Coastal / amenity & retirement,Growing,before,Rent,netflow,-0.0915,2,Weston-super-Mare; Clacton
Coastal / amenity & retirement,Growing,before,Rent,leaving,0.4548,2,Weston-super-Mare; Clacton
Coastal / amenity & retirement,Growing,before,Rent,openness,0.6071,2,Weston-super-Mare; Clacton
Coastal / amenity & retirement,Growing,before,Rent,reach_km,81.9603,2,Weston-super-Mare; Clacton
Coastal / amenity & retirement,Growing,before,Rent,hhi,0.1687,2,Weston-super-Mare; Clacton
Coastal / amenity & retirement,Stable,before,Rent,netflow,0.012,6,Bournemouth; Blackpool
Coastal / amenity & retirement,Stable,before,Rent,leaving,0.2931,6,Bournemouth; Blackpool
Coastal / amenity & retirement,Stable,before,Rent,openness,0.4756,6,Bournemouth; Blackpool
Coastal / amenity & retirement,Stable,before,Rent,reach_km,96.2564,6,Bournemouth; Blackpool
Coastal / amenity & retirement,Stable,before,Rent,hhi,0.1166,6,Bournemouth; Blackpool
Coastal / amenity & retirement,Declining,before,Rent,netflow,0.1468,4,Brighton; Hastings
Coastal / amenity & retirement,Declining,before,Rent,leaving,0.2622,4,Brighton; Hastings
Coastal / amenity & retirement,Declining,before,Rent,openness,0.4612,4,Brighton; Hastings
Coastal / amenity & retirement,Declining,before,Rent,reach_km,96.3582,4,Brighton; Hastings
Coastal / amenity & retirement,Declining,before,Rent,hhi,0.1313,4,Brighton; Hastings
Mixed / smaller towns (function unclassified),Growing,before,Rent,netflow,,0,
Mixed / smaller towns (function unclassified),Growing,before,Rent,leaving,,0,
Mixed / smaller towns (function unclassified),Growing,before,Rent,openness,,0,
Mixed / smaller towns (function unclassified),Growing,before,Rent,reach_km,,0,
Mixed / smaller towns (function unclassified),Growing,before,Rent,hhi,,0,
Mixed / smaller towns (function unclassified),Stable,before,Rent,netflow,-0.1115,1,Livingston
Mixed / smaller towns (function unclassified),Stable,before,Rent,leaving,0.5137,1,Livingston
Mixed / smaller towns (function unclassified),Stable,before,Rent,openness,0.6578,1,Livingston
Mixed / smaller towns (function unclassified),Stable,before,Rent,reach_km,106.2991,1,Livingston
Mixed / smaller towns (function unclassified),Stable,before,Rent,hhi,0.1558,1,Livingston
Mixed / smaller towns (function unclassified),Declining,before,Rent,netflow,-0.1847,15,Motherwell and Airdrie; Kilmarnock and Irvine
Mixed / smaller towns (function unclassified),Declining,before,Rent,leaving,0.4496,15,Motherwell and Airdrie; Kilmarnock and Irvine
Mixed / smaller towns (function unclassified),Declining,before,Rent,openness,0.597,15,Motherwell and Airdrie; Kilmarnock and Irvine
Mixed / smaller towns (function unclassified),Declining,before,Rent,reach_km,148.0998,15,Motherwell and Airdrie; Kilmarnock and Irvine
Mixed / smaller towns (function unclassified),Declining,before,Rent,hhi,0.2221,15,Motherwell and Airdrie; Kilmarnock and Irvine
Global financial capital,Growing,during,Rent,netflow,-0.1289,1,London
Global financial capital,Growing,during,Rent,leaving,0.1888,1,London
Global financial capital,Growing,during,Rent,openness,0.2922,1,London
Global financial capital,Growing,during,Rent,reach_km,126.3066,1,London
Global financial capital,Growing,during,Rent,hhi,0.048,1,London
Global financial capital,Stable,during,Rent,netflow,,0,
Global financial capital,Stable,during,Rent,leaving,,0,
Global financial capital,Stable,during,Rent,openness,,0,
Global financial capital,Stable,during,Rent,reach_km,,0,
Global financial capital,Stable,during,Rent,hhi,,0,
Global financial capital,Declining,during,Rent,netflow,,0,
Global financial capital,Declining,during,Rent,leaving,,0,
Global financial capital,Declining,during,Rent,openness,,0,
Global financial capital,Declining,during,Rent,reach_km,,0,
Global financial capital,Declining,during,Rent,hhi,,0,
Devolved/administrative capital,Growing,during,Rent,netflow,0.2232,1,Edinburgh
Devolved/administrative capital,Growing,during,Rent,leaving,0.2622,1,Edinburgh
Devolved/administrative capital,Growing,during,Rent,openness,0.478,1,Edinburgh
Devolved/administrative capital,Growing,during,Rent,reach_km,212.6765,1,Edinburgh
Devolved/administrative capital,Growing,during,Rent,hhi,0.1414,1,Edinburgh
Devolved/administrative capital,Stable,during,Rent,netflow,0.1583,1,Cardiff
Devolved/administrative capital,Stable,during,Rent,leaving,0.2173,1,Cardiff
Devolved/administrative capital,Stable,during,Rent,openness,0.3978,1,Cardiff
Devolved/administrative capital,Stable,during,Rent,reach_km,124.8173,1,Cardiff
Devolved/administrative capital,Stable,during,Rent,hhi,0.0799,1,Cardiff
Devolved/administrative capital,Declining,during,Rent,netflow,,0,
Devolved/administrative capital,Declining,during,Rent,leaving,,0,
Devolved/administrative capital,Declining,during,Rent,openness,,0,
Devolved/administrative capital,Declining,during,Rent,reach_km,,0,
Devolved/administrative capital,Declining,during,Rent,hhi,,0,
Regenerating core city,Growing,during,Rent,netflow,0.1791,3,Manchester; Bristol
Regenerating core city,Growing,during,Rent,leaving,0.2044,3,Manchester; Bristol
Regenerating core city,Growing,during,Rent,openness,0.3943,3,Manchester; Bristol
Regenerating core city,Growing,during,Rent,reach_km,105.6018,3,Manchester; Bristol
Regenerating core city,Growing,during,Rent,hhi,0.0666,3,Manchester; Bristol
Regenerating core city,Stable,during,Rent,netflow,0.1227,6,Birmingham; Liverpool
Regenerating core city,Stable,during,Rent,leaving,0.2492,6,Birmingham; Liverpool
Regenerating core city,Stable,during,Rent,openness,0.4348,6,Birmingham; Liverpool
Regenerating core city,Stable,during,Rent,reach_km,111.0793,6,Birmingham; Liverpool
Regenerating core city,Stable,during,Rent,hhi,0.0958,6,Birmingham; Liverpool
Regenerating core city,Declining,during,Rent,netflow,-0.3426,2,Aberdeen; Dundee
Regenerating core city,Declining,during,Rent,leaving,0.5044,2,Aberdeen; Dundee
Regenerating core city,Declining,during,Rent,openness,0.605,2,Aberdeen; Dundee
Regenerating core city,Declining,during,Rent,reach_km,256.1623,2,Aberdeen; Dundee
Regenerating core city,Declining,during,Rent,hhi,0.15,2,Aberdeen; Dundee
Knowledge & professional-service hub,Growing,during,Rent,netflow,-0.0125,24,Slough and Heathrow; Cambridge
Knowledge & professional-service hub,Growing,during,Rent,leaving,0.4521,24,Slough and Heathrow; Cambridge
Knowledge & professional-service hub,Growing,during,Rent,openness,0.6251,24,Slough and Heathrow; Cambridge
Knowledge & professional-service hub,Growing,during,Rent,reach_km,96.3281,24,Slough and Heathrow; Cambridge
Knowledge & professional-service hub,Growing,during,Rent,hhi,0.1251,24,Slough and Heathrow; Cambridge
Knowledge & professional-service hub,Stable,during,Rent,netflow,-0.0238,9,Southampton; Guildford and Aldershot
Knowledge & professional-service hub,Stable,during,Rent,leaving,0.4132,9,Southampton; Guildford and Aldershot
Knowledge & professional-service hub,Stable,during,Rent,openness,0.5893,9,Southampton; Guildford and Aldershot
Knowledge & professional-service hub,Stable,during,Rent,reach_km,90.9481,9,Southampton; Guildford and Aldershot
Knowledge & professional-service hub,Stable,during,Rent,hhi,0.0937,9,Southampton; Guildford and Aldershot
Knowledge & professional-service hub,Declining,during,Rent,netflow,0.012,4,York; Halifax
Knowledge & professional-service hub,Declining,during,Rent,leaving,0.4625,4,York; Halifax
Knowledge & professional-service hub,Declining,during,Rent,openness,0.6477,4,York; Halifax
Knowledge & professional-service hub,Declining,during,Rent,reach_km,87.3224,4,York; Halifax
Knowledge & professional-service hub,Declining,during,Rent,hhi,0.1259,4,York; Halifax
Diversified medium-sized town,Growing,during,Rent,netflow,0.0035,6,Medway; Northampton
Diversified medium-sized town,Growing,during,Rent,leaving,0.3708,6,Medway; Northampton
Diversified medium-sized town,Growing,during,Rent,openness,0.5432,6,Medway; Northampton
Diversified medium-sized town,Growing,during,Rent,reach_km,97.9628,6,Medway; Northampton
Diversified medium-sized town,Growing,during,Rent,hhi,0.0812,6,Medway; Northampton
Diversified medium-sized town,Stable,during,Rent,netflow,0.0644,12,Warrington and Wigan; Southend
Diversified medium-sized town,Stable,during,Rent,leaving,0.3424,12,Warrington and Wigan; Southend
Diversified medium-sized town,Stable,during,Rent,openness,0.5362,12,Warrington and Wigan; Southend
Diversified medium-sized town,Stable,during,Rent,reach_km,109.4537,12,Warrington and Wigan; Southend
Diversified medium-sized town,Stable,during,Rent,hhi,0.1259,12,Warrington and Wigan; Southend
Diversified medium-sized town,Declining,during,Rent,netflow,-0.0887,10,Portsmouth; Birkenhead
Diversified medium-sized town,Declining,during,Rent,leaving,0.3534,10,Portsmouth; Birkenhead
Diversified medium-sized town,Declining,during,Rent,openness,0.5317,10,Portsmouth; Birkenhead
Diversified medium-sized town,Declining,during,Rent,reach_km,103.0835,10,Portsmouth; Birkenhead
Diversified medium-sized town,Declining,during,Rent,hhi,0.1298,10,Portsmouth; Birkenhead
Manufacturing & post-industrial town,Growing,during,Rent,netflow,-0.0202,13,Leicester; Coventry
Manufacturing & post-industrial town,Growing,during,Rent,leaving,0.3787,13,Leicester; Coventry
Manufacturing & post-industrial town,Growing,during,Rent,openness,0.5574,13,Leicester; Coventry
Manufacturing & post-industrial town,Growing,during,Rent,reach_km,80.9079,13,Leicester; Coventry
Manufacturing & post-industrial town,Growing,during,Rent,hhi,0.1065,13,Leicester; Coventry
Manufacturing & post-industrial town,Stable,during,Rent,netflow,-0.0042,15,Wolverhampton and Walsall; Derby
Manufacturing & post-industrial town,Stable,during,Rent,leaving,0.3613,15,Wolverhampton and Walsall; Derby
Manufacturing & post-industrial town,Stable,during,Rent,openness,0.5437,15,Wolverhampton and Walsall; Derby
Manufacturing & post-industrial town,Stable,during,Rent,reach_km,88.8239,15,Wolverhampton and Walsall; Derby
Manufacturing & post-industrial town,Stable,during,Rent,hhi,0.1001,15,Wolverhampton and Walsall; Derby
Manufacturing & post-industrial town,Declining,during,Rent,netflow,-0.0864,15,Stoke-on-Trent; Durham and Bishop Auckland
Manufacturing & post-industrial town,Declining,during,Rent,leaving,0.4165,15,Stoke-on-Trent; Durham and Bishop Auckland
Manufacturing & post-industrial town,Declining,during,Rent,openness,0.5885,15,Stoke-on-Trent; Durham and Bishop Auckland
Manufacturing & post-industrial town,Declining,during,Rent,reach_km,104.2914,15,Stoke-on-Trent; Durham and Bishop Auckland
Manufacturing & post-industrial town,Declining,during,Rent,hhi,0.1018,15,Stoke-on-Trent; Durham and Bishop Auckland
Coastal / amenity & retirement,Growing,during,Rent,netflow,-0.136,2,Weston-super-Mare; Clacton
Coastal / amenity & retirement,Growing,during,Rent,leaving,0.509,2,Weston-super-Mare; Clacton
Coastal / amenity & retirement,Growing,during,Rent,openness,0.648,2,Weston-super-Mare; Clacton
Coastal / amenity & retirement,Growing,during,Rent,reach_km,83.2188,2,Weston-super-Mare; Clacton
Coastal / amenity & retirement,Growing,during,Rent,hhi,0.163,2,Weston-super-Mare; Clacton
Coastal / amenity & retirement,Stable,during,Rent,netflow,0.0348,6,Bournemouth; Blackpool
Coastal / amenity & retirement,Stable,during,Rent,leaving,0.3071,6,Bournemouth; Blackpool
Coastal / amenity & retirement,Stable,during,Rent,openness,0.4924,6,Bournemouth; Blackpool
Coastal / amenity & retirement,Stable,during,Rent,reach_km,99.5421,6,Bournemouth; Blackpool
Coastal / amenity & retirement,Stable,during,Rent,hhi,0.1099,6,Bournemouth; Blackpool
Coastal / amenity & retirement,Declining,during,Rent,netflow,0.0976,4,Brighton; Hastings
Coastal / amenity & retirement,Declining,during,Rent,leaving,0.311,4,Brighton; Hastings
Coastal / amenity & retirement,Declining,during,Rent,openness,0.5051,4,Brighton; Hastings
Coastal / amenity & retirement,Declining,during,Rent,reach_km,107.4313,4,Brighton; Hastings
Coastal / amenity & retirement,Declining,during,Rent,hhi,0.114,4,Brighton; Hastings
Mixed / smaller towns (function unclassified),Growing,during,Rent,netflow,,0,
Mixed / smaller towns (function unclassified),Growing,during,Rent,leaving,,0,
Mixed / smaller towns (function unclassified),Growing,during,Rent,openness,,0,
Mixed / smaller towns (function unclassified),Growing,during,Rent,reach_km,,0,
Mixed / smaller towns (function unclassified),Growing,during,Rent,hhi,,0,
Mixed / smaller towns (function unclassified),Stable,during,Rent,netflow,-0.2421,1,Livingston
Mixed / smaller towns (function unclassified),Stable,during,Rent,leaving,0.6241,1,Livingston
Mixed / smaller towns (function unclassified),Stable,during,Rent,openness,0.7282,1,Livingston
Mixed / smaller towns (function unclassified),Stable,during,Rent,reach_km,97.9023,1,Livingston
Mixed / smaller towns (function unclassified),Stable,during,Rent,hhi,0.1645,1,Livingston
Mixed / smaller towns (function unclassified),Declining,during,Rent,netflow,-0.1756,15,Motherwell and Airdrie; Kilmarnock and Irvine
Mixed / smaller towns (function unclassified),Declining,during,Rent,leaving,0.4971,15,Motherwell and Airdrie; Kilmarnock and Irvine
Mixed / smaller towns (function unclassified),Declining,during,Rent,openness,0.6416,15,Motherwell and Airdrie; Kilmarnock and Irvine
Mixed / smaller towns (function unclassified),Declining,during,Rent,reach_km,126.6127,15,Motherwell and Airdrie; Kilmarnock and Irvine
Mixed / smaller towns (function unclassified),Declining,during,Rent,hhi,0.2517,15,Motherwell and Airdrie; Kilmarnock and Irvine
Global financial capital,Growing,after,Rent,netflow,-0.1219,1,London
Global financial capital,Growing,after,Rent,leaving,0.1968,1,London
Global financial capital,Growing,after,Rent,openness,0.3043,1,London
Global financial capital,Growing,after,Rent,reach_km,126.9789,1,London
Global financial capital,Growing,after,Rent,hhi,0.0519,1,London
Global financial capital,Stable,after,Rent,netflow,,0,
Global financial capital,Stable,after,Rent,leaving,,0,
Global financial capital,Stable,after,Rent,openness,,0,
Global financial capital,Stable,after,Rent,reach_km,,0,
Global financial capital,Stable,after,Rent,hhi,,0,
Global financial capital,Declining,after,Rent,netflow,,0,
Global financial capital,Declining,after,Rent,leaving,,0,
Global financial capital,Declining,after,Rent,openness,,0,
Global financial capital,Declining,after,Rent,reach_km,,0,
Global financial capital,Declining,after,Rent,hhi,,0,
Devolved/administrative capital,Growing,after,Rent,netflow,0.2198,1,Edinburgh
Devolved/administrative capital,Growing,after,Rent,leaving,0.2194,1,Edinburgh
Devolved/administrative capital,Growing,after,Rent,openness,0.4194,1,Edinburgh
Devolved/administrative capital,Growing,after,Rent,reach_km,213.5646,1,Edinburgh
Devolved/administrative capital,Growing,after,Rent,hhi,0.1312,1,Edinburgh
Devolved/administrative capital,Stable,after,Rent,netflow,0.091,1,Cardiff
Devolved/administrative capital,Stable,after,Rent,leaving,0.2308,1,Cardiff
Devolved/administrative capital,Stable,after,Rent,openness,0.3978,1,Cardiff
Devolved/administrative capital,Stable,after,Rent,reach_km,140.0721,1,Cardiff
Devolved/administrative capital,Stable,after,Rent,hhi,0.061,1,Cardiff
Devolved/administrative capital,Declining,after,Rent,netflow,,0,
Devolved/administrative capital,Declining,after,Rent,leaving,,0,
Devolved/administrative capital,Declining,after,Rent,openness,,0,
Devolved/administrative capital,Declining,after,Rent,reach_km,,0,
Devolved/administrative capital,Declining,after,Rent,hhi,,0,
Regenerating core city,Growing,after,Rent,netflow,0.1825,3,Manchester; Bristol
Regenerating core city,Growing,after,Rent,leaving,0.206,3,Manchester; Bristol
Regenerating core city,Growing,after,Rent,openness,0.3951,3,Manchester; Bristol
Regenerating core city,Growing,after,Rent,reach_km,113.5202,3,Manchester; Bristol
Regenerating core city,Growing,after,Rent,hhi,0.0666,3,Manchester; Bristol
Regenerating core city,Stable,after,Rent,netflow,0.0581,6,Birmingham; Glasgow
Regenerating core city,Stable,after,Rent,leaving,0.2673,6,Birmingham; Glasgow
Regenerating core city,Stable,after,Rent,openness,0.4388,6,Birmingham; Glasgow
Regenerating core city,Stable,after,Rent,reach_km,116.1199,6,Birmingham; Glasgow
Regenerating core city,Stable,after,Rent,hhi,0.0973,6,Birmingham; Glasgow
Regenerating core city,Declining,after,Rent,netflow,-0.4054,2,Aberdeen; Dundee
Regenerating core city,Declining,after,Rent,leaving,0.5508,2,Aberdeen; Dundee
Regenerating core city,Declining,after,Rent,openness,0.6381,2,Aberdeen; Dundee
Regenerating core city,Declining,after,Rent,reach_km,258.4059,2,Aberdeen; Dundee
Regenerating core city,Declining,after,Rent,hhi,0.1366,2,Aberdeen; Dundee
Knowledge & professional-service hub,Growing,after,Rent,netflow,-0.0035,24,Slough and Heathrow; Cambridge
Knowledge & professional-service hub,Growing,after,Rent,leaving,0.4557,24,Slough and Heathrow; Cambridge
Knowledge & professional-service hub,Growing,after,Rent,openness,0.6315,24,Slough and Heathrow; Cambridge
Knowledge & professional-service hub,Growing,after,Rent,reach_km,97.057,24,Slough and Heathrow; Cambridge
Knowledge & professional-service hub,Growing,after,Rent,hhi,0.1273,24,Slough and Heathrow; Cambridge
Knowledge & professional-service hub,Stable,after,Rent,netflow,-0.0256,9,Southampton; Guildford and Aldershot
Knowledge & professional-service hub,Stable,after,Rent,leaving,0.4153,9,Southampton; Guildford and Aldershot
Knowledge & professional-service hub,Stable,after,Rent,openness,0.5931,9,Southampton; Guildford and Aldershot
Knowledge & professional-service hub,Stable,after,Rent,reach_km,92.8698,9,Southampton; Guildford and Aldershot
Knowledge & professional-service hub,Stable,after,Rent,hhi,0.0924,9,Southampton; Guildford and Aldershot
Knowledge & professional-service hub,Declining,after,Rent,netflow,0.0302,4,York; Halifax
Knowledge & professional-service hub,Declining,after,Rent,leaving,0.4545,4,York; Halifax
Knowledge & professional-service hub,Declining,after,Rent,openness,0.6438,4,York; Halifax
Knowledge & professional-service hub,Declining,after,Rent,reach_km,91.4701,4,York; Halifax
Knowledge & professional-service hub,Declining,after,Rent,hhi,0.1226,4,York; Halifax
Diversified medium-sized town,Growing,after,Rent,netflow,-0.0052,6,Medway; Northampton
Diversified medium-sized town,Growing,after,Rent,leaving,0.3863,6,Medway; Northampton
Diversified medium-sized town,Growing,after,Rent,openness,0.559,6,Medway; Northampton
Diversified medium-sized town,Growing,after,Rent,reach_km,102.2959,6,Medway; Northampton
Diversified medium-sized town,Growing,after,Rent,hhi,0.0788,6,Medway; Northampton
Diversified medium-sized town,Stable,after,Rent,netflow,0.0898,12,Warrington and Wigan; Southend
Diversified medium-sized town,Stable,after,Rent,leaving,0.3479,12,Warrington and Wigan; Southend
Diversified medium-sized town,Stable,after,Rent,openness,0.5501,12,Warrington and Wigan; Southend
Diversified medium-sized town,Stable,after,Rent,reach_km,111.3991,12,Warrington and Wigan; Southend
Diversified medium-sized town,Stable,after,Rent,hhi,0.1254,12,Warrington and Wigan; Southend
Diversified medium-sized town,Declining,after,Rent,netflow,-0.0906,10,Portsmouth; Birkenhead
Diversified medium-sized town,Declining,after,Rent,leaving,0.3692,10,Portsmouth; Birkenhead
Diversified medium-sized town,Declining,after,Rent,openness,0.5437,10,Portsmouth; Birkenhead
Diversified medium-sized town,Declining,after,Rent,reach_km,104.6858,10,Portsmouth; Birkenhead
Diversified medium-sized town,Declining,after,Rent,hhi,0.1285,10,Portsmouth; Birkenhead
Manufacturing & post-industrial town,Growing,after,Rent,netflow,-0.0121,13,Leicester; Coventry
Manufacturing & post-industrial town,Growing,after,Rent,leaving,0.39,13,Leicester; Coventry
Manufacturing & post-industrial town,Growing,after,Rent,openness,0.5728,13,Leicester; Coventry
Manufacturing & post-industrial town,Growing,after,Rent,reach_km,84.1636,13,Leicester; Coventry
Manufacturing & post-industrial town,Growing,after,Rent,hhi,0.1024,13,Leicester; Coventry
Manufacturing & post-industrial town,Stable,after,Rent,netflow,-0.0255,15,Wolverhampton and Walsall; Derby
Manufacturing & post-industrial town,Stable,after,Rent,leaving,0.3689,15,Wolverhampton and Walsall; Derby
Manufacturing & post-industrial town,Stable,after,Rent,openness,0.551,15,Wolverhampton and Walsall; Derby
Manufacturing & post-industrial town,Stable,after,Rent,reach_km,91.724,15,Wolverhampton and Walsall; Derby
Manufacturing & post-industrial town,Stable,after,Rent,hhi,0.0964,15,Wolverhampton and Walsall; Derby
Manufacturing & post-industrial town,Declining,after,Rent,netflow,-0.0757,15,Stoke-on-Trent; Durham and Bishop Auckland
Manufacturing & post-industrial town,Declining,after,Rent,leaving,0.4262,15,Stoke-on-Trent; Durham and Bishop Auckland
Manufacturing & post-industrial town,Declining,after,Rent,openness,0.5968,15,Stoke-on-Trent; Durham and Bishop Auckland
Manufacturing & post-industrial town,Declining,after,Rent,reach_km,109.1935,15,Stoke-on-Trent; Durham and Bishop Auckland
Manufacturing & post-industrial town,Declining,after,Rent,hhi,0.0982,15,Stoke-on-Trent; Durham and Bishop Auckland
Coastal / amenity & retirement,Growing,after,Rent,netflow,-0.0236,2,Weston-super-Mare; Clacton
Coastal / amenity & retirement,Growing,after,Rent,leaving,0.4677,2,Weston-super-Mare; Clacton
Coastal / amenity & retirement,Growing,after,Rent,openness,0.6323,2,Weston-super-Mare; Clacton
Coastal / amenity & retirement,Growing,after,Rent,reach_km,89.3691,2,Weston-super-Mare; Clacton
Coastal / amenity & retirement,Growing,after,Rent,hhi,0.1485,2,Weston-super-Mare; Clacton
Coastal / amenity & retirement,Stable,after,Rent,netflow,0.0145,6,Bournemouth; Blackpool
Coastal / amenity & retirement,Stable,after,Rent,leaving,0.3135,6,Bournemouth; Blackpool
Coastal / amenity & retirement,Stable,after,Rent,openness,0.4956,6,Bournemouth; Blackpool
Coastal / amenity & retirement,Stable,after,Rent,reach_km,105.9258,6,Bournemouth; Blackpool
Coastal / amenity & retirement,Stable,after,Rent,hhi,0.1059,6,Bournemouth; Blackpool
Coastal / amenity & retirement,Declining,after,Rent,netflow,0.02,4,Brighton; Hastings
Coastal / amenity & retirement,Declining,after,Rent,leaving,0.3444,4,Brighton; Hastings
Coastal / amenity & retirement,Declining,after,Rent,openness,0.5182,4,Brighton; Hastings
Coastal / amenity & retirement,Declining,after,Rent,reach_km,115.1675,4,Brighton; Hastings
Coastal / amenity & retirement,Declining,after,Rent,hhi,0.114,4,Brighton; Hastings
Mixed / smaller towns (function unclassified),Growing,after,Rent,netflow,,0,
Mixed / smaller towns (function unclassified),Growing,after,Rent,leaving,,0,
Mixed / smaller towns (function unclassified),Growing,after,Rent,openness,,0,
Mixed / smaller towns (function unclassified),Growing,after,Rent,reach_km,,0,
Mixed / smaller towns (function unclassified),Growing,after,Rent,hhi,,0,
Mixed / smaller towns (function unclassified),Stable,after,Rent,netflow,0.0339,1,Livingston
Mixed / smaller towns (function unclassified),Stable,after,Rent,leaving,0.6124,1,Livingston
Mixed / smaller towns (function unclassified),Stable,after,Rent,openness,0.7661,1,Livingston
Mixed / smaller towns (function unclassified),Stable,after,Rent,reach_km,84.744,1,Livingston
Mixed / smaller towns (function unclassified),Stable,after,Rent,hhi,0.2081,1,Livingston
Mixed / smaller towns (function unclassified),Declining,after,Rent,netflow,-0.112,15,Motherwell and Airdrie; Falkirk and Stirling
Mixed / smaller towns (function unclassified),Declining,after,Rent,leaving,0.5519,15,Motherwell and Airdrie; Falkirk and Stirling
Mixed / smaller towns (function unclassified),Declining,after,Rent,openness,0.698,15,Motherwell and Airdrie; Falkirk and Stirling
Mixed / smaller towns (function unclassified),Declining,after,Rent,reach_km,127.0739,15,Motherwell and Airdrie; Falkirk and Stirling
Mixed / smaller towns (function unclassified),Declining,after,Rent,hhi,0.2567,15,Motherwell and Airdrie; Falkirk and Stirling
