city,year,emissions,degree,comm
Aba,2019,1.4,1,D
Aba,2020,1.8,2,B
Aba,2021,3.9,3,E
Aba,2022,2.1,3,A
Aba,2023,5.9,3,D
Ankang,2020,0.8,2,D
Ankang,2021,6.0,3,C
Ankang,2022,6.8,3,A
Ankang,2023,9.8,4,D
Anqing,2019,47.4,15,B
Anqing,2020,41.9,18,D
Anqing,2021,51.5,16,B
Anqing,2022,31.6,16,B
Anqing,2023,49.5,17,C
Anshan,2019,8.2,2,A
Anshan,2020,11.9,2,A
Anshan,2021,9.4,2,A
Anshan,2022,2.4,2,B
Anshan,2023,0.2,1,A
Anshun,2019,15.1,3,C
Anshun,2020,5.4,3,A
Anshun,2021,2.7,3,D
Anshun,2022,0.1,1,B
Anshun,2023,3.6,1,A
Baishan,2019,9.8,5,A
Baishan,2020,6.2,5,A
Baishan,2021,8.9,2,A
Baishan,2022,12.6,2,B
Baishan,2023,21.0,3,A
Baoshan,2019,33.0,3,B
Baoshan,2020,19.3,3,D
Baoshan,2021,13.1,3,C
Baoshan,2022,3.2,3,C
Baoshan,2023,4.7,2,B
Baotou,2019,29.9,5,A
Baotou,2020,32.4,4,A
Baotou,2021,28.9,6,A
Baotou,2022,21.8,5,B
Baotou,2023,31.4,6,A
Bazhong,2019,3.4,1,A
Bazhong,2020,7.6,2,A
Bazhong,2021,12.5,5,D
Bazhong,2022,8.9,4,D
Bazhong,2023,12.1,5,C
Beihai,2019,31.5,7,C
Beihai,2020,27.9,6,C
Beihai,2021,36.3,6,A
Beihai,2022,17.4,6,B
Beihai,2023,31.2,8,A
Beijing,2019,1173.0,21,A
Beijing,2020,821.1,21,A
Beijing,2021,1020.3,21,A
Beijing,2022,422.4,21,B
Beijing,2023,1357.2,21,A
Bijie,2019,20.6,4,C
Bijie,2020,24.5,5,B
Bijie,2021,21.7,5,C
Bijie,2022,9.6,5,A
Bijie,2023,12.3,5,D
Changchun,2019,358.3,15,B
Changchun,2020,280.4,15,C
Changchun,2021,337.0,15,B
Changchun,2022,248.1,15,C
Changchun,2023,426.3,16,B
Changde,2019,14.9,4,C
Changde,2020,16.8,5,A
Changde,2021,21.7,5,D
Changde,2022,11.1,5,B
Changde,2023,13.1,4,D
Changsha,2019,232.8,13,D
Changsha,2020,226.4,16,B
Changsha,2021,224.9,17,D
Changsha,2022,142.6,18,D
Changsha,2023,248.7,18,C
Changzhi,2019,10.2,2,B
Changzhi,2020,5.3,2,A
Changzhi,2021,4.6,1,A
Changzhi,2022,2.2,2,B
Changzhi,2023,7.5,2,A
Changzhou,2019,257.1,27,B
Changzhou,2020,197.3,26,C
Changzhou,2021,248.6,33,B
Changzhou,2022,176.7,40,A
Changzhou,2023,311.6,43,B
Chaoyang,2020,3.2,1,A
Chaoyang,2021,6.5,1,A
Chaoyang,2022,2.3,1,B
Chaoyang,2023,6.7,1,A
Chengde,2022,0.9,2,B
Chengde,2023,2.7,2,B
Chengdu,2019,900.2,18,A
Chengdu,2020,873.8,20,A
Chengdu,2021,904.2,22,A
Chengdu,2022,581.0,21,A
Chengdu,2023,1308.2,22,D
Chenzhou,2021,1.8,3,B
Chenzhou,2022,4.6,4,D
Chenzhou,2023,7.1,4,C
Chifeng,2019,10.6,2,C
Chifeng,2020,9.8,3,D
Chifeng,2021,16.3,3,B
Chifeng,2022,14.5,3,C
Chifeng,2023,20.7,3,D
Chizhou,2019,42.4,18,A
Chizhou,2020,23.1,17,A
Chizhou,2021,18.4,7,E
Chizhou,2022,11.9,12,B
Chizhou,2023,24.0,10,A
Chongqing,2019,728.4,21,C
Chongqing,2020,712.0,21,B
Chongqing,2021,732.4,21,C
Chongqing,2022,422.8,21,A
Chongqing,2023,845.2,21,C
Dali,2019,21.4,3,A
Dali,2020,23.5,3,A
Dali,2021,25.5,4,A
Dali,2022,16.7,4,B
Dali,2023,40.1,5,A
Dalian,2019,325.8,20,B
Dalian,2020,200.7,20,C
Dalian,2021,225.9,19,B
Dalian,2022,160.4,18,C
Dalian,2023,321.1,18,B
Dandong,2019,4.2,2,A
Dandong,2020,2.5,2,A
Dandong,2021,4.4,2,A
Dandong,2022,1.0,1,B
Dandong,2023,4.2,2,A
Daqing,2019,1.9,3,D
Daqing,2020,7.8,1,A
Daqing,2021,9.6,2,A
Daqing,2022,7.2,2,C
Daqing,2023,13.9,2,A
Datong,2019,16.3,3,B
Datong,2020,19.2,4,C
Datong,2021,17.6,4,A
Datong,2022,7.6,2,B
Datong,2023,19.4,3,A
Dazhou,2019,5.2,3,A
Dazhou,2020,9.1,3,A
Dazhou,2021,8.9,2,A
Dazhou,2022,8.2,6,B
Dazhou,2023,14.7,6,A
Dehong,2019,4.9,2,A
Dehong,2020,5.8,2,A
Dehong,2021,6.1,3,A
Dehong,2022,2.1,2,B
Dehong,2023,18.2,3,D
Dongying,2019,17.3,3,A
Dongying,2020,9.9,2,A
Dongying,2021,20.5,4,D
Dongying,2022,10.0,3,D
Dongying,2023,17.0,3,C
Enshi,2019,17.0,4,C
Enshi,2020,15.7,4,D
Enshi,2021,23.1,4,C
Enshi,2022,10.5,4,A
Enshi,2023,20.9,4,D
Ezhou,2022,1.2,2,B
Ezhou,2023,6.9,4,A
Foshan,2019,16.0,4,D
Foshan,2020,12.9,6,B
Foshan,2021,21.8,5,D
Foshan,2022,17.2,5,D
Foshan,2023,33.6,7,C
Fuyang,2019,55.2,18,A
Fuyang,2020,48.4,25,C
Fuyang,2021,67.6,27,B
Fuyang,2022,45.0,28,D
Fuyang,2023,69.1,37,B
Fuzhou,2019,121.3,13,A
Fuzhou,2020,87.5,13,C
Fuzhou,2021,83.5,13,B
Fuzhou,2022,48.6,17,C
Fuzhou,2023,92.9,17,B
Ganzhou,2019,22.3,6,D
Ganzhou,2020,24.9,6,D
Ganzhou,2021,38.5,5,D
Ganzhou,2022,19.9,7,C
Ganzhou,2023,34.7,6,B
Guangyuan,2019,14.3,2,C
Guangyuan,2020,11.6,2,D
Guangyuan,2021,15.8,3,A
Guangyuan,2022,8.8,3,A
Guangyuan,2023,14.8,4,D
Guangzhou,2019,1171.0,20,A
Guangzhou,2020,992.6,22,B
Guangzhou,2021,940.2,22,A
Guangzhou,2022,584.8,22,A
Guangzhou,2023,1260.0,22,A
Guilin,2019,178.8,14,B
Guilin,2020,102.5,14,C
Guilin,2021,108.0,13,B
Guilin,2022,54.1,12,C
Guilin,2023,121.0,14,B
Guiyang,2019,455.5,18,D
Guiyang,2020,437.6,21,B
Guiyang,2021,436.1,19,D
Guiyang,2022,308.0,19,D
Guiyang,2023,493.8,19,C
Haikou,2019,285.3,16,B
Haikou,2020,252.5,17,D
Haikou,2021,263.1,18,B
Haikou,2022,207.3,19,B
Haikou,2023,354.0,16,D
Hami,2019,3.7,1,A
Hami,2020,0.3,1,A
Handan,2019,16.1,5,A
Handan,2020,12.6,5,A
Handan,2021,14.4,5,D
Handan,2022,7.1,4,D
Handan,2023,10.6,3,C
Hangzhou,2019,2309.2,101,C
Hangzhou,2020,2005.9,102,D
Hangzhou,2021,2009.4,106,C
Hangzhou,2022,1485.7,105,A
Hangzhou,2023,2681.1,109,D
Hanzhong,2019,17.5,5,C
Hanzhong,2020,14.0,4,D
Hanzhong,2021,14.4,5,D
Hanzhong,2022,10.7,4,A
Hanzhong,2023,12.2,5,C
Harbin,2019,472.0,15,B
Harbin,2020,383.2,16,C
Harbin,2021,343.7,16,B
Harbin,2022,284.8,17,C
Harbin,2023,473.5,16,B
Hefei,2019,814.7,56,B
Hefei,2020,656.6,59,C
Hefei,2021,671.1,61,B
Hefei,2022,498.3,63,C
Hefei,2023,830.7,64,B
Hengyang,2019,14.3,5,D
Hengyang,2020,19.2,6,B
Hengyang,2021,20.7,6,C
Hengyang,2022,15.0,6,D
Hengyang,2023,22.0,6,C
Heze,2021,3.6,2,A
Heze,2022,3.2,2,B
Heze,2023,6.6,3,D
Hohhot,2019,104.2,11,B
Hohhot,2020,90.0,14,C
Hohhot,2021,105.1,13,A
Hohhot,2022,54.3,13,C
Hohhot,2023,118.8,14,B
Huai'an,2019,178.7,36,B
Huai'an,2020,112.4,34,C
Huai'an,2021,118.6,37,B
Huai'an,2022,75.3,32,C
Huai'an,2023,126.2,34,B
Huaihua,2019,5.4,2,C
Huaihua,2020,5.3,2,D
Huaihua,2021,5.4,2,C
Huaihua,2022,2.8,3,A
Huaihua,2023,5.4,3,D
Huangshan,2019,60.0,23,B
Huangshan,2020,41.5,24,D
Huangshan,2021,43.3,20,B
Huangshan,2022,17.9,21,B
Huangshan,2023,47.6,18,C
Huizhou,2019,49.3,8,B
Huizhou,2020,38.2,10,B
Huizhou,2021,39.0,7,E
Huizhou,2022,26.9,7,A
Huizhou,2023,55.2,7,C
Hulunbuir,2019,16.1,7,B
Hulunbuir,2020,9.9,6,C
Hulunbuir,2021,9.6,6,D
Hulunbuir,2022,6.8,5,C
Hulunbuir,2023,30.2,8,C
Ili,2019,4.4,1,B
Ili,2020,3.1,2,C
Ili,2021,4.8,2,B
Ili,2022,3.6,5,C
Ili,2023,8.6,3,C
Ji'an,2019,15.2,4,A
Ji'an,2020,11.4,3,A
Ji'an,2021,17.2,5,D
Ji'an,2022,7.0,4,D
Ji'an,2023,16.9,5,A
Jiamusi,2021,1.6,2,A
Jiamusi,2022,5.7,1,B
Jiamusi,2023,11.4,1,A
Jieyang,2019,126.0,15,A
Jieyang,2020,113.8,17,C
Jieyang,2021,121.9,15,B
Jieyang,2022,76.7,17,A
Jieyang,2023,135.7,18,B
Jinan,2019,52.9,10,D
Jinan,2020,48.0,9,B
Jinan,2021,61.5,8,D
Jinan,2022,25.8,9,D
Jinan,2023,48.8,11,C
Jingdezhen,2019,5.7,3,D
Jingdezhen,2020,4.8,3,A
Jingdezhen,2021,5.5,3,D
Jingdezhen,2022,2.5,2,D
Jingdezhen,2023,5.4,3,A
Jingzhou,2021,6.5,3,A
Jingzhou,2022,6.8,3,B
Jingzhou,2023,11.0,4,A
Jinhua,2019,134.3,18,A
Jinhua,2020,126.1,20,B
Jinhua,2021,148.7,22,B
Jinhua,2022,87.1,27,A
Jinhua,2023,204.5,24,C
Jining,2019,6.3,3,A
Jining,2020,1.7,1,A
Jining,2021,6.3,2,C
Jining,2022,4.7,4,A
Jining,2023,1.2,3,D
Jinzhou,2019,11.5,3,C
Jinzhou,2020,9.7,3,A
Jinzhou,2021,13.1,3,A
Jinzhou,2022,8.1,3,B
Jinzhou,2023,13.6,3,A
Jiuquan,2019,6.2,1,C
Jiuquan,2020,0.5,1,D
Jiuquan,2021,0.1,2,A
Jiuquan,2023,4.2,1,A
Kashgar,2019,0.9,1,A
Kashgar,2020,0.9,4,A
Kashgar,2021,2.2,3,B
Kashgar,2022,2.1,4,C
Kashgar,2023,2.8,3,B
Kunming,2019,729.6,18,B
Kunming,2020,625.6,20,B
Kunming,2021,653.1,20,B
Kunming,2022,500.9,20,A
Kunming,2023,827.8,20,C
Lanzhou,2019,243.8,13,C
Lanzhou,2020,210.3,13,C
Lanzhou,2021,205.3,14,C
Lanzhou,2022,103.4,13,C
Lanzhou,2023,213.0,12,B
Lhasa,2019,8.6,2,B
Lhasa,2020,12.2,2,C
Lhasa,2021,14.0,2,B
Lhasa,2022,9.1,4,C
Lhasa,2023,10.8,3,A
Lianyungang,2019,140.0,32,B
Lianyungang,2020,102.8,35,C
Lianyungang,2021,131.5,33,B
Lianyungang,2022,67.4,31,C
Lianyungang,2023,115.0,31,B
Lijiang,2019,82.2,8,B
Lijiang,2020,68.4,9,C
Lijiang,2021,75.9,6,B
Lijiang,2022,50.5,6,B
Lijiang,2023,123.3,8,B
Lincang,2019,1.8,1,B
Lincang,2020,1.8,1,C
Linfen,2019,19.3,4,D
Linfen,2020,16.4,5,D
Linfen,2021,16.2,4,C
Linfen,2022,10.9,4,C
Linfen,2023,21.4,4,B
Linyi,2019,20.4,4,A
Linyi,2020,22.5,6,D
Linyi,2021,26.6,7,C
Linyi,2022,12.5,6,D
Linyi,2023,19.9,5,C
Liupanshui,2019,3.7,2,C
Liupanshui,2020,6.4,3,D
Liupanshui,2021,6.0,3,B
Liupanshui,2022,0.9,1,C
Liupanshui,2023,1.6,1,B
Liuzhou,2019,49.7,5,C
Liuzhou,2020,34.8,4,C
Liuzhou,2021,43.8,5,B
Liuzhou,2022,30.3,6,C
Liuzhou,2023,42.6,6,B
Longnan,2020,2.1,1,A
Longnan,2021,6.4,3,A
Longnan,2022,4.2,3,B
Longnan,2023,6.6,3,A
Longyan,2019,7.0,2,B
Longyan,2020,6.3,2,C
Longyan,2021,4.2,2,A
Longyan,2022,1.9,2,B
Longyan,2023,5.0,2,A
Luoyang,2019,23.4,6,A
Luoyang,2020,16.1,5,A
Luoyang,2021,16.7,4,A
Luoyang,2022,8.8,4,D
Luoyang,2023,12.5,4,A
Luzhou,2019,27.3,6,D
Luzhou,2020,37.9,7,D
Luzhou,2021,54.5,7,D
Luzhou,2022,32.2,8,D
Luzhou,2023,59.2,7,C
Lvliang,2019,3.9,1,A
Lvliang,2020,6.5,3,C
Lvliang,2021,6.1,4,C
Lvliang,2022,1.7,1,B
Lvliang,2023,4.5,2,A
Meizhou,2019,2.9,2,C
Meizhou,2020,1.4,2,A
Meizhou,2021,1.2,1,A
Meizhou,2022,0.6,1,B
Meizhou,2023,0.9,1,A
Mianyang,2019,77.3,9,B
Mianyang,2020,73.4,8,D
Mianyang,2021,79.6,10,D
Mianyang,2022,52.5,10,D
Mianyang,2023,80.4,8,C
Mudanjiang,2019,5.6,2,A
Mudanjiang,2020,0.2,2,B
Mudanjiang,2023,1.1,1,A
Nanchang,2019,55.7,10,D
Nanchang,2020,42.9,12,B
Nanchang,2021,52.2,12,B
Nanchang,2022,17.6,11,C
Nanchang,2023,27.3,10,A
Nanchong,2019,14.9,4,D
Nanchong,2020,15.3,4,A
Nanchong,2021,18.3,3,A
Nanchong,2022,9.0,4,B
Nanchong,2023,12.6,3,A
Nanjing,2019,1837.4,92,B
Nanjing,2020,1468.6,100,C
Nanjing,2021,1319.5,102,B
Nanjing,2022,974.3,96,C
Nanjing,2023,1803.1,95,B
Nanning,2019,271.2,15,B
Nanning,2020,235.6,16,D
Nanning,2021,245.7,18,B
Nanning,2022,175.6,19,C
Nanning,2023,306.2,18,B
Nanping,2019,5.6,2,A
Nanping,2020,0.7,3,C
Nanping,2021,1.8,1,B
Nanping,2022,0.0,1,C
Nantong,2019,239.4,40,B
Nantong,2020,217.0,39,B
Nantong,2021,220.1,43,D
Nantong,2022,174.7,43,A
Nantong,2023,315.9,36,C
Nanyang,2019,8.2,5,C
Nanyang,2020,8.8,4,A
Nanyang,2021,15.6,4,A
Nanyang,2022,8.5,4,B
Nanyang,2023,15.2,6,D
Ningbo,2019,694.4,71,D
Ningbo,2020,647.1,75,B
Ningbo,2021,666.5,71,D
Ningbo,2022,482.6,69,D
Ningbo,2023,864.8,78,C
Ordos,2019,22.9,8,B
Ordos,2020,20.3,7,A
Ordos,2021,24.1,6,B
Ordos,2022,15.5,4,C
Ordos,2023,35.1,10,B
Panzhihua,2019,4.5,1,B
Panzhihua,2020,2.4,1,C
Panzhihua,2021,1.4,1,B
Panzhihua,2022,0.2,1,C
Pu'er,2020,1.3,1,A
Pu'er,2021,6.8,2,A
Pu'er,2022,1.6,1,B
Qiandongnan,2019,3.2,1,C
Qiandongnan,2020,2.5,1,D
Qiandongnan,2021,2.5,3,C
Qiandongnan,2022,0.7,3,A
Qiandongnan,2023,0.2,1,D
Qiannan,2020,0.1,1,C
Qiannan,2021,2.2,1,B
Qiannan,2022,0.4,1,C
Qingdao,2019,272.6,18,A
Qingdao,2020,206.7,18,A
Qingdao,2021,221.0,16,D
Qingdao,2022,125.4,16,D
Qingdao,2023,227.8,15,C
Qingyang,2019,3.4,1,A
Qingyang,2020,3.3,1,A
Qingyang,2021,2.9,1,A
Qingyang,2022,3.1,3,B
Qingyang,2023,6.5,3,D
Qinhuangdao,2019,15.0,3,C
Qinhuangdao,2020,9.3,3,D
Qinhuangdao,2021,11.5,2,A
Qinhuangdao,2022,3.0,1,B
Qinhuangdao,2023,9.6,2,A
Qionghai,2019,7.1,5,B
Qionghai,2020,15.7,6,A
Qionghai,2021,16.7,7,A
Qionghai,2022,10.1,5,B
Qionghai,2023,24.8,5,A
Qiqihar,2022,1.2,1,B
Qiqihar,2023,1.0,1,A
Quanzhou,2019,118.2,10,B
Quanzhou,2020,96.5,14,C
Quanzhou,2021,99.9,14,B
Quanzhou,2022,55.2,13,C
Quanzhou,2023,99.7,13,B
Quzhou,2019,33.1,10,B
Quzhou,2020,39.2,15,B
Quzhou,2021,46.8,21,A
Quzhou,2022,34.3,21,B
Quzhou,2023,66.0,25,D
Rizhao,2019,6.8,2,A
Rizhao,2020,7.4,2,D
Rizhao,2021,7.9,3,C
Rizhao,2022,5.6,5,D
Rizhao,2023,6.9,2,A
Sanming,2019,3.4,2,A
Sanming,2020,4.7,3,A
Sanming,2021,5.5,3,B
Sanming,2022,3.2,3,C
Sanming,2023,5.2,2,B
Sanya,2019,372.2,12,B
Sanya,2020,346.2,14,A
Sanya,2021,399.6,14,A
Sanya,2022,236.6,12,B
Sanya,2023,418.9,13,A
Shanghai,2019,5823.0,130,A
Shanghai,2020,4684.3,138,A
Shanghai,2021,5286.3,145,A
Shanghai,2022,2491.0,138,B
Shanghai,2023,6201.0,144,A
Shangrao,2019,2.6,3,B
Shangrao,2020,1.3,2,C
Shangrao,2021,0.7,1,B
Shangrao,2022,0.3,1,C
Shaoguan,2021,0.4,2,C
Shaoguan,2022,3.3,3,A
Shaoguan,2023,3.6,3,A
Shaoyang,2020,3.8,2,A
Shaoyang,2021,5.8,3,C
Shaoyang,2022,0.1,1,A
Shenyang,2019,395.5,16,B
Shenyang,2020,324.5,17,C
Shenyang,2021,342.4,18,B
Shenyang,2022,245.1,19,C
Shenyang,2023,443.5,18,B
Shenzhen,2019,1075.0,22,A
Shenzhen,2020,959.2,22,A
Shenzhen,2021,964.3,22,E
Shenzhen,2022,586.7,22,B
Shenzhen,2023,1222.8,22,A
Shihezi,2023,3.3,4,C
Shijiazhuang,2019,138.0,13,C
Shijiazhuang,2020,110.4,13,D
Shijiazhuang,2021,86.0,13,C
Shijiazhuang,2022,61.9,13,B
Shijiazhuang,2023,110.7,13,D
Shiyan,2019,16.5,5,C
Shiyan,2020,14.6,6,D
Shiyan,2021,16.6,6,D
Shiyan,2022,9.9,4,D
Shiyan,2023,10.6,3,D
Songyuan,2019,0.7,2,C
Songyuan,2020,1.7,1,A
Songyuan,2021,1.2,1,A
Songyuan,2022,0.8,1,B
Songyuan,2023,2.1,2,A
Taiyuan,2019,223.2,13,C
Taiyuan,2020,193.1,12,D
Taiyuan,2021,204.5,17,B
Taiyuan,2022,120.6,15,C
Taiyuan,2023,228.4,14,D
Taizhou,2019,95.1,16,D
Taizhou,2020,86.5,19,B
Taizhou,2021,108.2,18,D
Taizhou,2022,78.9,21,D
Taizhou,2023,147.8,24,C
Tangshan,2019,6.6,2,A
Tangshan,2020,5.3,2,A
Tangshan,2021,8.8,2,A
Tangshan,2022,4.9,5,B
Tangshan,2023,10.4,3,A
Tianjin,2019,191.7,15,A
Tianjin,2020,146.6,15,A
Tianjin,2021,182.4,15,A
Tianjin,2022,58.6,16,B
Tianjin,2023,183.2,16,A
Tianshui,2019,3.1,2,C
Tianshui,2020,2.8,2,D
Tianshui,2021,2.1,2,C
Tianshui,2022,0.3,2,A
Tonghua,2021,1.6,2,C
Tonghua,2022,1.7,1,A
Tonghua,2023,2.2,2,A
Tongliao,2019,11.3,2,C
Tongliao,2020,8.0,2,D
Tongliao,2021,9.2,2,C
Tongliao,2022,7.5,2,A
Tongliao,2023,11.4,2,D
Tongren,2019,23.6,6,B
Tongren,2020,12.4,6,A
Tongren,2021,14.6,7,D
Tongren,2022,10.7,7,D
Tongren,2023,21.7,8,B
Turpan,2021,0.5,2,B
Turpan,2022,0.6,1,C
Turpan,2023,5.1,4,C
Ulanhot,2019,4.5,1,C
Ulanhot,2020,3.5,1,D
Ulanhot,2021,4.3,3,C
Ulanhot,2022,2.8,1,A
Ulanhot,2023,4.0,2,D
Ulanqab,2021,0.1,1,A
Ulanqab,2022,1.1,1,B
Ulanqab,2023,1.9,1,A
Urumqi,2019,301.4,5,A
Urumqi,2020,156.0,7,A
Urumqi,2021,219.2,7,A
Urumqi,2022,134.4,8,C
Urumqi,2023,392.6,6,A
Weifang,2019,6.9,3,C
Weifang,2020,6.1,3,A
Weifang,2021,6.0,2,A
Weifang,2022,1.4,2,B
Weifang,2023,5.7,3,A
Weihai,2019,47.3,6,D
Weihai,2020,40.9,7,C
Weihai,2021,35.9,6,B
Weihai,2022,22.1,6,C
Weihai,2023,39.7,7,A
Wenshan,2020,1.8,2,D
Wenshan,2021,7.9,2,A
Wenshan,2022,4.2,2,A
Wenshan,2023,3.2,2,D
Wenzhou,2019,841.3,77,D
Wenzhou,2020,673.5,71,B
Wenzhou,2021,729.7,84,D
Wenzhou,2022,469.3,86,D
Wenzhou,2023,840.9,91,C
Wuhan,2019,176.2,11,D
Wuhan,2020,100.8,16,B
Wuhan,2021,158.9,13,D
Wuhan,2022,86.8,14,D
Wuhan,2023,162.8,14,C
Wuxi,2019,531.6,37,B
Wuxi,2020,493.0,47,B
Wuxi,2021,608.4,48,E
Wuxi,2022,345.8,48,A
Wuxi,2023,628.7,49,C
Wuzhou,2019,0.9,1,D
Wuzhou,2020,2.0,2,A
Wuzhou,2021,8.2,2,A
Wuzhou,2022,5.1,1,B
Wuzhou,2023,1.6,1,A
Xi'an,2019,614.3,21,D
Xi'an,2020,462.3,21,D
Xi'an,2021,450.5,20,C
Xi'an,2022,197.4,22,A
Xi'an,2023,552.8,21,D
Xiamen,2019,353.2,18,B
Xiamen,2020,273.9,18,C
Xiamen,2021,254.0,18,B
Xiamen,2022,174.3,19,C
Xiamen,2023,317.2,20,B
Xiangyang,2019,15.5,5,C
Xiangyang,2020,15.9,6,D
Xiangyang,2021,24.7,7,A
Xiangyang,2022,16.4,6,C
Xiangyang,2023,23.1,6,C
Xichang,2019,7.4,4,B
Xichang,2020,7.7,3,A
Xichang,2021,12.4,5,B
Xichang,2022,17.5,7,D
Xichang,2023,15.7,6,A
Xingyi,2019,25.3,4,D
Xingyi,2020,16.3,3,B
Xingyi,2021,20.4,5,D
Xingyi,2022,13.4,5,D
Xingyi,2023,16.9,4,C
Xining,2019,76.1,8,B
Xining,2020,77.1,9,A
Xining,2021,78.6,10,A
Xining,2022,35.0,10,B
Xining,2023,116.3,12,B
Xinyang,2019,14.2,4,D
Xinyang,2020,13.9,4,B
Xinyang,2021,15.1,4,D
Xinyang,2022,3.8,3,D
Xinyang,2023,4.7,4,C
Xinzhou,2019,11.3,3,A
Xinzhou,2020,12.5,4,C
Xinzhou,2021,11.7,4,A
Xinzhou,2022,4.7,3,B
Xinzhou,2023,7.8,2,A
Xishuangbanna,2019,27.0,6,C
Xishuangbanna,2020,16.6,3,D
Xishuangbanna,2021,19.7,4,C
Xishuangbanna,2022,19.8,6,C
Xishuangbanna,2023,97.5,9,B
Xuzhou,2019,196.1,39,B
Xuzhou,2020,177.1,35,B
Xuzhou,2021,196.3,33,B
Xuzhou,2022,113.4,31,C
Xuzhou,2023,212.3,33,B
Yan'an,2019,13.4,4,C
Yan'an,2020,9.1,3,D
Yan'an,2021,9.2,3,C
Yan'an,2022,2.5,4,A
Yan'an,2023,3.5,4,D
Yancheng,2019,149.8,32,D
Yancheng,2020,150.8,38,C
Yancheng,2021,155.7,35,B
Yancheng,2022,85.8,31,C
Yancheng,2023,140.5,29,B
Yangzhou,2019,191.0,33,B
Yangzhou,2020,194.7,38,C
Yangzhou,2021,180.0,37,B
Yangzhou,2022,129.7,33,C
Yangzhou,2023,246.0,32,B
Yanji,2019,15.1,4,D
Yanji,2020,6.0,3,A
Yanji,2021,5.8,2,A
Yanji,2022,4.0,1,B
Yanji,2023,6.4,3,A
Yantai,2019,135.4,15,D
Yantai,2020,118.7,16,C
Yantai,2021,105.4,14,D
Yantai,2022,61.4,13,D
Yantai,2023,104.8,9,A
Yibin,2019,18.9,3,C
Yibin,2020,23.7,5,D
Yibin,2021,51.4,7,C
Yibin,2022,40.8,7,D
Yibin,2023,60.2,9,D
Yichang,2019,41.8,10,D
Yichang,2020,32.6,9,B
Yichang,2021,42.4,8,D
Yichang,2022,24.4,8,D
Yichang,2023,46.4,9,C
Yichun,2019,9.5,3,B
Yichun,2020,6.3,3,C
Yichun,2021,7.7,4,B
Yichun,2022,6.5,4,C
Yichun,2023,11.3,4,C
Yinchuan,2019,136.9,12,C
Yinchuan,2020,119.3,13,C
Yinchuan,2021,128.2,13,B
Yinchuan,2022,74.5,15,C
Yinchuan,2023,133.6,13,B
Yingkou,2019,5.5,3,A
Yingkou,2020,7.9,3,C
Yingkou,2021,10.9,4,E
Yingkou,2022,6.7,3,B
Yingkou,2023,11.5,4,C
Yongzhou,2019,0.8,1,A
Yongzhou,2021,2.8,1,A
Yongzhou,2022,0.7,1,B
Yueyang,2019,9.9,4,A
Yueyang,2020,6.6,6,D
Yueyang,2021,11.4,4,A
Yueyang,2022,6.5,4,B
Yueyang,2023,8.5,5,A
Yulin,2019,17.1,3,C
Yulin,2020,22.3,5,D
Yulin,2021,29.9,6,C
Yulin,2022,14.7,6,A
Yulin,2023,27.6,6,D
Yuncheng,2019,53.6,7,B
Yuncheng,2020,45.1,7,B
Yuncheng,2021,52.7,8,D
Yuncheng,2022,33.0,8,C
Yuncheng,2023,43.7,7,C
Zhangjiajie,2019,58.4,10,B
Zhangjiajie,2020,33.3,7,A
Zhangjiajie,2021,45.6,11,B
Zhangjiajie,2022,13.1,7,B
Zhangjiajie,2023,33.4,7,A
Zhangjiakou,2019,5.7,1,A
Zhangjiakou,2020,6.9,1,A
Zhangjiakou,2021,11.0,3,A
Zhangjiakou,2022,4.2,2,B
Zhangjiakou,2023,8.5,1,A
Zhangye,2019,2.7,2,A
Zhangye,2020,3.1,1,A
Zhangye,2021,2.6,1,A
Zhangye,2022,0.2,1,B
Zhangye,2023,0.4,1,A
Zhanjiang,2019,56.2,7,A
Zhanjiang,2020,55.2,6,A
Zhanjiang,2021,62.1,8,A
Zhanjiang,2022,37.7,7,B
Zhanjiang,2023,62.6,9,A
Zhaotong,2019,3.8,2,C
Zhaotong,2020,7.1,2,D
Zhaotong,2021,7.4,2,C
Zhaotong,2022,6.3,2,A
Zhaotong,2023,9.9,2,D
Zhengzhou,2019,189.6,10,C
Zhengzhou,2020,175.5,13,B
Zhengzhou,2021,171.1,11,D
Zhengzhou,2022,74.8,13,D
Zhengzhou,2023,176.5,13,C
Zhongwei,2020,2.4,1,A
Zhongwei,2021,3.9,2,A
Zhongwei,2022,0.2,1,A
Zhongwei,2023,0.9,1,B
Zhoushan,2019,91.7,18,B
Zhoushan,2020,71.7,25,C
Zhoushan,2021,93.5,29,B
Zhoushan,2022,61.3,30,C
Zhoushan,2023,153.2,31,B
Zhuhai,2019,255.6,18,B
Zhuhai,2020,173.8,19,C
Zhuhai,2021,198.5,19,B
Zhuhai,2022,117.7,19,B
Zhuhai,2023,258.9,18,B
Zunyi,2019,65.2,6,B
Zunyi,2020,67.8,7,A
Zunyi,2021,67.8,7,A
Zunyi,2022,45.1,8,D
Zunyi,2023,72.0,9,C
